,Country,Product,Date,MonthlyTreatment,YrexMonthlyTreatment,Value,Data type,Indication,Sub-Indication,PatientsDescribed,YrexPatientsDescribed
0,Floresland,INNOVIX,2020-08-01,7135.4428,8755.65,3657300,Indication split,Indication 20,Indication 20,0.0367376073424913,0.02088919068015
1,Floresland,INNOVIX,2020-08-01,7135.4428,8755.65,3657300,Indication split,Indication 14,Indication 14,0.0,0.0
2,Floresland,INNOVIX,2020-08-01,7135.4428,8755.65,3657300,Indication split,Indication 12,Indication 12,0.107964970721494,0.00107124856050975
3,Floresland,INNOVIX,2020-08-01,7135.4428,8755.65,3657300,Indication split,Indication 1,Indication 1,0.0,0.07509378971772
4,Floresland,INNOVIX,2020-08-01,7135.4428,8755.65,3657300,Indication split,Indication 23,Indication 23,0.159120241332648,0.0201392385628982
5,Floresland,INNOVIX,2020-08-01,7135.4428,8755.65,3657300,Indication split,Indication 15,Indication 15,0.0,
6,Floresland,INNOVIX,2020-08-01,7135.4428,8755.65,3657300,Indication split,Indication 19,Indication 19,0.43105694257755,
7,Floresland,INNOVIX,2020-08-01,7135.4428,8755.65,3657300,Indication split,Indication 9,Indication 9,0.0,0.0
8,Floresland,INNOVIX,2020-08-01,7135.4428,8755.65,3657300,Indication split,Indication 10,Indication 10,0.0,0.0
9,Floresland,INNOVIX,2020-08-01,7135.4428,8755.65,3657300,Indication split,Indication 2,Indication 2-a,0.0747965487096135,0.0088377537492684
10,Floresland,INNOVIX,2020-08-01,7135.4428,8755.65,3657300,Indication split,Indication 2,Indication 2-c,0.190323689316202,0.0914300021409346
11,Floresland,INNOVIX,2020-09-01,7825.007,9645.6619,3970760,Indication split,Indication 20,Indication 20,0.0412753683704493,0.0173013972938704
12,Floresland,INNOVIX,2020-09-01,7825.007,9645.6619,3970760,Indication split,Indication 14,Indication 14,0.0,0.0
13,Floresland,INNOVIX,2020-09-01,7825.007,9645.6619,3970760,Indication split,Indication 12,Indication 12,0.095040325917093,0.00846262960592754
14,Floresland,INNOVIX,2020-09-01,7825.007,9645.6619,3970760,Indication split,Indication 1,Indication 1,0.0,0.0877719792943878
15,Floresland,INNOVIX,2020-09-01,7825.007,9645.6619,3970760,Indication split,Indication 23,Indication 23,0.233349892277432,0.0302169496615645
16,Floresland,INNOVIX,2020-09-01,7825.007,9645.6619,3970760,Indication split,Indication 15,Indication 15,0.0,
17,Floresland,INNOVIX,2020-09-01,7825.007,9645.6619,3970760,Indication split,Indication 19,Indication 19,0.405964658900284,
18,Floresland,INNOVIX,2020-09-01,7825.007,9645.6619,3970760,Indication split,Indication 9,Indication 9,0.0,0.0
19,Floresland,INNOVIX,2020-09-01,7825.007,9645.6619,3970760,Indication split,Indication 10,Indication 10,0.0,0.0
20,Floresland,INNOVIX,2020-09-01,7825.007,9645.6619,3970760,Indication split,Indication 2,Indication 2-a,0.0381116943970545,0.0138692969871317
21,Floresland,INNOVIX,2020-09-01,7825.007,9645.6619,3970760,Indication split,Indication 2,Indication 2-c,0.186258060137686,0.0422191098380614
22,Floresland,INNOVIX,2020-10-01,8191.0239,11365.3433,4102640,Indication split,Indication 20,Indication 20,0.0287842977015841,0.0231056033019039
23,Floresland,INNOVIX,2020-10-01,8191.0239,11365.3433,4102640,Indication split,Indication 14,Indication 14,0.0,0.0
24,Floresland,INNOVIX,2020-10-01,8191.0239,11365.3433,4102640,Indication split,Indication 12,Indication 12,0.108165644488678,0.00546585523664647
25,Floresland,INNOVIX,2020-10-01,8191.0239,11365.3433,4102640,Indication split,Indication 1,Indication 1,0.0,0.0519668890643771
26,Floresland,INNOVIX,2020-10-01,8191.0239,11365.3433,4102640,Indication split,Indication 23,Indication 23,0.188553420098111,0.0303105224566745
27,Floresland,INNOVIX,2020-10-01,8191.0239,11365.3433,4102640,Indication split,Indication 15,Indication 15,0.0,
28,Floresland,INNOVIX,2020-10-01,8191.0239,11365.3433,4102640,Indication split,Indication 19,Indication 19,0.380169772400293,
29,Floresland,INNOVIX,2020-10-01,8191.0239,11365.3433,4102640,Indication split,Indication 9,Indication 9,0.0,0.0
30,Floresland,INNOVIX,2020-10-01,8191.0239,11365.3433,4102640,Indication split,Indication 10,Indication 10,0.0,0.0
31,Floresland,INNOVIX,2020-10-01,8191.0239,11365.3433,4102640,Indication split,Indication 2,Indication 2-a,0.0853333749536895,0.041117965843922
32,Floresland,INNOVIX,2020-10-01,8191.0239,11365.3433,4102640,Indication split,Indication 2,Indication 2-c,0.208993490357645,0.0783435945992423
33,Floresland,INNOVIX,2020-11-01,7232.573,10154.6358,3661520,Indication split,Indication 20,Indication 20,0.0349173656500489,0.0215808165775092
34,Floresland,INNOVIX,2020-11-01,7232.573,10154.6358,3661520,Indication split,Indication 14,Indication 14,0.0,0.0
35,Floresland,INNOVIX,2020-11-01,7232.573,10154.6358,3661520,Indication split,Indication 12,Indication 12,0.102501217797726,0.0114120728033186
36,Floresland,INNOVIX,2020-11-01,7232.573,10154.6358,3661520,Indication split,Indication 1,Indication 1,0.0,0.0864491314717332
37,Floresland,INNOVIX,2020-11-01,7232.573,10154.6358,3661520,Indication split,Indication 23,Indication 23,0.195320844794085,0.0351983596238637
38,Floresland,INNOVIX,2020-11-01,7232.573,10154.6358,3661520,Indication split,Indication 15,Indication 15,0.0,
39,Floresland,INNOVIX,2020-11-01,7232.573,10154.6358,3661520,Indication split,Indication 19,Indication 19,0.397598416466688,
40,Floresland,INNOVIX,2020-11-01,7232.573,10154.6358,3661520,Indication split,Indication 9,Indication 9,0.0,0.0
41,Floresland,INNOVIX,2020-11-01,7232.573,10154.6358,3661520,Indication split,Indication 10,Indication 10,0.0,0.0
42,Floresland,INNOVIX,2020-11-01,7232.573,10154.6358,3661520,Indication split,Indication 2,Indication 2-a,0.0864462878031287,0.0298031518137956
43,Floresland,INNOVIX,2020-11-01,7232.573,10154.6358,3661520,Indication split,Indication 2,Indication 2-c,0.183215867488324,0.0785968110718175
44,Floresland,INNOVIX,2020-12-01,7152.7927,10652.5738,3601940,Indication split,Indication 20,Indication 20,0.0287636390429466,0.0386757285925156
45,Floresland,INNOVIX,2020-12-01,7152.7927,10652.5738,3601940,Indication split,Indication 14,Indication 14,0.0,0.0
46,Floresland,INNOVIX,2020-12-01,7152.7927,10652.5738,3601940,Indication split,Indication 12,Indication 12,0.0812300088055274,0.0140434995987279
47,Floresland,INNOVIX,2020-12-01,7152.7927,10652.5738,3601940,Indication split,Indication 1,Indication 1,0.0,0.0457521586681502
48,Floresland,INNOVIX,2020-12-01,7152.7927,10652.5738,3601940,Indication split,Indication 23,Indication 23,0.224823464604792,0.0502329180641061
49,Floresland,INNOVIX,2020-12-01,7152.7927,10652.5738,3601940,Indication split,Indication 15,Indication 15,0.0,
50,Floresland,INNOVIX,2020-12-01,7152.7927,10652.5738,3601940,Indication split,Indication 19,Indication 19,0.405968924273507,
51,Floresland,INNOVIX,2020-12-01,7152.7927,10652.5738,3601940,Indication split,Indication 9,Indication 9,0.0,0.0
52,Floresland,INNOVIX,2020-12-01,7152.7927,10652.5738,3601940,Indication split,Indication 10,Indication 10,0.0,0.0
53,Floresland,INNOVIX,2020-12-01,7152.7927,10652.5738,3601940,Indication split,Indication 2,Indication 2-a,0.05188716691772,0.0110639914029001
54,Floresland,INNOVIX,2020-12-01,7152.7927,10652.5738,3601940,Indication split,Indication 2,Indication 2-c,0.207326796355507,0.0525248675707518
55,Floresland,INNOVIX,2021-01-01,8835.9182,12404.6696,4452420,Indication split,Indication 20,Indication 20,0.0312755836597146,0.035207998808088
56,Floresland,INNOVIX,2021-01-01,8835.9182,12404.6696,4452420,Indication split,Indication 14,Indication 14,0.0,0.0
57,Floresland,INNOVIX,2021-01-01,8835.9182,12404.6696,4452420,Indication split,Indication 12,Indication 12,0.10309427284396,0.0273497808315869
58,Floresland,INNOVIX,2021-01-01,8835.9182,12404.6696,4452420,Indication split,Indication 1,Indication 1,0.0,0.0575613223703167
59,Floresland,INNOVIX,2021-01-01,8835.9182,12404.6696,4452420,Indication split,Indication 23,Indication 23,0.210281484670805,0.0399775722858118
60,Floresland,INNOVIX,2021-01-01,8835.9182,12404.6696,4452420,Indication split,Indication 15,Indication 15,0.0,
61,Floresland,INNOVIX,2021-01-01,8835.9182,12404.6696,4452420,Indication split,Indication 19,Indication 19,0.363034981233552,
62,Floresland,INNOVIX,2021-01-01,8835.9182,12404.6696,4452420,Indication split,Indication 9,Indication 9,0.0,0.0
63,Floresland,INNOVIX,2021-01-01,8835.9182,12404.6696,4452420,Indication split,Indication 10,Indication 10,0.0,0.0
64,Floresland,INNOVIX,2021-01-01,8835.9182,12404.6696,4452420,Indication split,Indication 2,Indication 2-a,0.0663187152050067,0.00604777368496217
65,Floresland,INNOVIX,2021-01-01,8835.9182,12404.6696,4452420,Indication split,Indication 2,Indication 2-c,0.225994962386962,0.0743955152217058
66,Floresland,INNOVIX,2021-02-01,6574.1432,10952.5781,3362140,Indication split,Indication 20,Indication 20,0.0325559936871697,0.0518909749116952
67,Floresland,INNOVIX,2021-02-01,6574.1432,10952.5781,3362140,Indication split,Indication 14,Indication 14,0.0,0.0
68,Floresland,INNOVIX,2021-02-01,6574.1432,10952.5781,3362140,Indication split,Indication 12,Indication 12,0.108208971800939,0.0240341516572304
69,Floresland,INNOVIX,2021-02-01,6574.1432,10952.5781,3362140,Indication split,Indication 1,Indication 1,0.0,0.0966559430731889
70,Floresland,INNOVIX,2021-02-01,6574.1432,10952.5781,3362140,Indication split,Indication 23,Indication 23,0.188992517912246,0.0592332670917714
71,Floresland,INNOVIX,2021-02-01,6574.1432,10952.5781,3362140,Indication split,Indication 15,Indication 15,0.0,
72,Floresland,INNOVIX,2021-02-01,6574.1432,10952.5781,3362140,Indication split,Indication 19,Indication 19,0.356343344856926,
73,Floresland,INNOVIX,2021-02-01,6574.1432,10952.5781,3362140,Indication split,Indication 9,Indication 9,0.0,0.0
74,Floresland,INNOVIX,2021-02-01,6574.1432,10952.5781,3362140,Indication split,Indication 10,Indication 10,0.0,0.0
75,Floresland,INNOVIX,2021-02-01,6574.1432,10952.5781,3362140,Indication split,Indication 2,Indication 2-a,0.0753264674494425,0.0128913912819811
76,Floresland,INNOVIX,2021-02-01,6574.1432,10952.5781,3362140,Indication split,Indication 2,Indication 2-c,0.238572704293277,0.0873526046151353
77,Floresland,INNOVIX,2021-03-01,8410.0409,12962.264,4280840,Indication split,Indication 20,Indication 20,0.0174030103325434,0.0347931079132668
78,Floresland,INNOVIX,2021-03-01,8410.0409,12962.264,4280840,Indication split,Indication 14,Indication 14,0.0,0.0
79,Floresland,INNOVIX,2021-03-01,8410.0409,12962.264,4280840,Indication split,Indication 12,Indication 12,0.130748535029977,0.0273826170421499
80,Floresland,INNOVIX,2021-03-01,8410.0409,12962.264,4280840,Indication split,Indication 1,Indication 1,0.0,0.065753902087448
81,Floresland,INNOVIX,2021-03-01,8410.0409,12962.264,4280840,Indication split,Indication 23,Indication 23,0.190532084150476,0.0869294410678489
82,Floresland,INNOVIX,2021-03-01,8410.0409,12962.264,4280840,Indication split,Indication 15,Indication 15,0.00392245700026747,
83,Floresland,INNOVIX,2021-03-01,8410.0409,12962.264,4280840,Indication split,Indication 19,Indication 19,0.373850220209112,
84,Floresland,INNOVIX,2021-03-01,8410.0409,12962.264,4280840,Indication split,Indication 9,Indication 9,0.0,0.0
85,Floresland,INNOVIX,2021-03-01,8410.0409,12962.264,4280840,Indication split,Indication 10,Indication 10,0.0,0.0
86,Floresland,INNOVIX,2021-03-01,8410.0409,12962.264,4280840,Indication split,Indication 2,Indication 2-a,0.0764202136432813,0.0349928851638609
87,Floresland,INNOVIX,2021-03-01,8410.0409,12962.264,4280840,Indication split,Indication 2,Indication 2-c,0.207123479634344,0.03328586488069
88,Floresland,INNOVIX,2021-04-01,7323.1211,13179.1638,3778260,Indication split,Indication 20,Indication 20,0.0221094017197783,0.0504706541005971
89,Floresland,INNOVIX,2021-04-01,7323.1211,13179.1638,3778260,Indication split,Indication 14,Indication 14,0.00193514593386925,0.0
90,Floresland,INNOVIX,2021-04-01,7323.1211,13179.1638,3778260,Indication split,Indication 12,Indication 12,0.0850507340822904,0.0421629299666454
91,Floresland,INNOVIX,2021-04-01,7323.1211,13179.1638,3778260,Indication split,Indication 1,Indication 1,0.0154330204522593,0.0611824857675967
92,Floresland,INNOVIX,2021-04-01,7323.1211,13179.1638,3778260,Indication split,Indication 23,Indication 23,0.192356237459051,0.0838135886093147
93,Floresland,INNOVIX,2021-04-01,7323.1211,13179.1638,3778260,Indication split,Indication 15,Indication 15,0.00145135945040194,
94,Floresland,INNOVIX,2021-04-01,7323.1211,13179.1638,3778260,Indication split,Indication 19,Indication 19,0.363860550642789,
95,Floresland,INNOVIX,2021-04-01,7323.1211,13179.1638,3778260,Indication split,Indication 9,Indication 9,0.00193514593386925,0.0
96,Floresland,INNOVIX,2021-04-01,7323.1211,13179.1638,3778260,Indication split,Indication 10,Indication 10,0.0,0.0
97,Floresland,INNOVIX,2021-04-01,7323.1211,13179.1638,3778260,Indication split,Indication 2,Indication 2-a,0.0822931591137561,0.00760782523159197
98,Floresland,INNOVIX,2021-04-01,7323.1211,13179.1638,3778260,Indication split,Indication 2,Indication 2-c,0.233575245211935,0.0450588284510717
99,Floresland,INNOVIX,2021-05-01,7395.9758,12206.0452,3836240,Indication split,Indication 20,Indication 20,0.0440482086595255,0.0475821964055394
100,Floresland,INNOVIX,2021-05-01,7395.9758,12206.0452,3836240,Indication split,Indication 14,Indication 14,0.0156202935806503,0.0
101,Floresland,INNOVIX,2021-05-01,7395.9758,12206.0452,3836240,Indication split,Indication 12,Indication 12,0.107287244244212,0.0275344199867903
102,Floresland,INNOVIX,2021-05-01,7395.9758,12206.0452,3836240,Indication split,Indication 1,Indication 1,0.0186840935453434,0.0584415643037555
103,Floresland,INNOVIX,2021-05-01,7395.9758,12206.0452,3836240,Indication split,Indication 23,Indication 23,0.167439909366433,0.0820834679688342
104,Floresland,INNOVIX,2021-05-01,7395.9758,12206.0452,3836240,Indication split,Indication 15,Indication 15,0.0252637004455476,
105,Floresland,INNOVIX,2021-05-01,7395.9758,12206.0452,3836240,Indication split,Indication 19,Indication 19,0.338532342188315,
106,Floresland,INNOVIX,2021-05-01,7395.9758,12206.0452,3836240,Indication split,Indication 9,Indication 9,0.00100451152907162,0.0
107,Floresland,INNOVIX,2021-05-01,7395.9758,12206.0452,3836240,Indication split,Indication 10,Indication 10,0.0,0.0
108,Floresland,INNOVIX,2021-05-01,7395.9758,12206.0452,3836240,Indication split,Indication 2,Indication 2-a,0.0992467407313986,0.0285106289302542
109,Floresland,INNOVIX,2021-05-01,7395.9758,12206.0452,3836240,Indication split,Indication 2,Indication 2-c,0.182872955709503,0.0494777670347155
110,Floresland,INNOVIX,2021-06-01,8237.2389,13767.1041,4276020,Indication split,Indication 20,Indication 20,0.0224832222088635,0.021714963043475
111,Floresland,INNOVIX,2021-06-01,8237.2389,13767.1041,4276020,Indication split,Indication 14,Indication 14,0.00302013432656376,0.0
112,Floresland,INNOVIX,2021-06-01,8237.2389,13767.1041,4276020,Indication split,Indication 12,Indication 12,0.0876717783238733,0.05176658543624
113,Floresland,INNOVIX,2021-06-01,8237.2389,13767.1041,4276020,Indication split,Indication 1,Indication 1,0.0176733786517435,0.0996299262512562
114,Floresland,INNOVIX,2021-06-01,8237.2389,13767.1041,4276020,Indication split,Indication 23,Indication 23,0.205800568007273,0.0660182604579135
115,Floresland,INNOVIX,2021-06-01,8237.2389,13767.1041,4276020,Indication split,Indication 15,Indication 15,0.0241610746125101,
116,Floresland,INNOVIX,2021-06-01,8237.2389,13767.1041,4276020,Indication split,Indication 19,Indication 19,0.430800575336274,
117,Floresland,INNOVIX,2021-06-01,8237.2389,13767.1041,4276020,Indication split,Indication 9,Indication 9,0.000559284134548844,0.0
118,Floresland,INNOVIX,2021-06-01,8237.2389,13767.1041,4276020,Indication split,Indication 10,Indication 10,0.0,0.0
119,Floresland,INNOVIX,2021-06-01,8237.2389,13767.1041,4276020,Indication split,Indication 2,Indication 2-a,0.0328299786980171,0.0085351438191585
120,Floresland,INNOVIX,2021-06-01,8237.2389,13767.1041,4276020,Indication split,Indication 2,Indication 2-c,0.175000005700333,0.0479952530299513
121,Floresland,INNOVIX,2021-07-01,6851.9575,14457.8023,3544440,Indication split,Indication 20,Indication 20,0.0218412500442622,0.0612650483092811
122,Floresland,INNOVIX,2021-07-01,6851.9575,14457.8023,3544440,Indication split,Indication 14,Indication 14,0.0148873739181981,0.0
123,Floresland,INNOVIX,2021-07-01,6851.9575,14457.8023,3544440,Indication split,Indication 12,Indication 12,0.0719393154894223,0.0334469698731139
124,Floresland,INNOVIX,2021-07-01,6851.9575,14457.8023,3544440,Indication split,Indication 1,Indication 1,0.00984331495958694,0.0822582676889277
125,Floresland,INNOVIX,2021-07-01,6851.9575,14457.8023,3544440,Indication split,Indication 23,Indication 23,0.20852095603809,0.0761764816711096
126,Floresland,INNOVIX,2021-07-01,6851.9575,14457.8023,3544440,Indication split,Indication 15,Indication 15,0.0333986283296678,
127,Floresland,INNOVIX,2021-07-01,6851.9575,14457.8023,3544440,Indication split,Indication 19,Indication 19,0.324632902120784,
128,Floresland,INNOVIX,2021-07-01,6851.9575,14457.8023,3544440,Indication split,Indication 9,Indication 9,0.00617043453057766,0.0
129,Floresland,INNOVIX,2021-07-01,6851.9575,14457.8023,3544440,Indication split,Indication 10,Indication 10,0.0,0.0
130,Floresland,INNOVIX,2021-07-01,6851.9575,14457.8023,3544440,Indication split,Indication 2,Indication 2-a,0.125122327708423,0.0123899644563625
131,Floresland,INNOVIX,2021-07-01,6851.9575,14457.8023,3544440,Indication split,Indication 2,Indication 2-c,0.183643496860988,0.032679630705457
132,Floresland,INNOVIX,2021-08-01,7768.2703,13878.8295,3983520,Indication split,Indication 20,Indication 20,0.0329787372230933,0.064738524325002
133,Floresland,INNOVIX,2021-08-01,7768.2703,13878.8295,3983520,Indication split,Indication 14,Indication 14,0.00159572373324749,0.0
134,Floresland,INNOVIX,2021-08-01,7768.2703,13878.8295,3983520,Indication split,Indication 12,Indication 12,0.0929788155737111,0.0243957212107139
135,Floresland,INNOVIX,2021-08-01,7768.2703,13878.8295,3983520,Indication split,Indication 1,Indication 1,0.00904257194562659,0.0764190369609864
136,Floresland,INNOVIX,2021-08-01,7768.2703,13878.8295,3983520,Indication split,Indication 23,Indication 23,0.214893682679036,0.038901633589683
137,Floresland,INNOVIX,2021-08-01,7768.2703,13878.8295,3983520,Indication split,Indication 15,Indication 15,0.026861701743803,
138,Floresland,INNOVIX,2021-08-01,7768.2703,13878.8295,3983520,Indication split,Indication 19,Indication 19,0.343137956674995,
139,Floresland,INNOVIX,2021-08-01,7768.2703,13878.8295,3983520,Indication split,Indication 9,Indication 9,0.0055851103860548,0.0
140,Floresland,INNOVIX,2021-08-01,7768.2703,13878.8295,3983520,Indication split,Indication 10,Indication 10,0.0,0.0
141,Floresland,INNOVIX,2021-08-01,7768.2703,13878.8295,3983520,Indication split,Indication 2,Indication 2-a,0.15803214794576,0.0183339770563792
142,Floresland,INNOVIX,2021-08-01,7768.2703,13878.8295,3983520,Indication split,Indication 2,Indication 2-c,0.114893552094673,0.0363704226129244
143,Floresland,INNOVIX,2021-09-01,7142.2211,14468.8381,3711620,Indication split,Indication 20,Indication 20,0.0185588758407367,0.0306899815893971
144,Floresland,INNOVIX,2021-09-01,7142.2211,14468.8381,3711620,Indication split,Indication 14,Indication 14,0.00155518927846258,0.0
145,Floresland,INNOVIX,2021-09-01,7142.2211,14468.8381,3711620,Indication split,Indication 12,Indication 12,0.116537084170526,0.0339200106938414
146,Floresland,INNOVIX,2021-09-01,7142.2211,14468.8381,3711620,Indication split,Indication 1,Indication 1,0.00150336483858376,0.106070021738755
147,Floresland,INNOVIX,2021-09-01,7142.2211,14468.8381,3711620,Indication split,Indication 23,Indication 23,0.203680724423237,0.0742239535371252
148,Floresland,INNOVIX,2021-09-01,7142.2211,14468.8381,3711620,Indication split,Indication 15,Indication 15,0.0301192225631314,
149,Floresland,INNOVIX,2021-09-01,7142.2211,14468.8381,3711620,Indication split,Indication 19,Indication 19,0.36495572929318,
150,Floresland,INNOVIX,2021-09-01,7142.2211,14468.8381,3711620,Indication split,Indication 9,Indication 9,0.014515268851613,0.0
151,Floresland,INNOVIX,2021-09-01,7142.2211,14468.8381,3711620,Indication split,Indication 10,Indication 10,0.0,0.0
152,Floresland,INNOVIX,2021-09-01,7142.2211,14468.8381,3711620,Indication split,Indication 2,Indication 2-a,0.06744427200412,0.00731201591872445
153,Floresland,INNOVIX,2021-09-01,7142.2211,14468.8381,3711620,Indication split,Indication 2,Indication 2-c,0.18113026873641,0.0331616589486317
154,Floresland,INNOVIX,2021-10-01,7195.4451,14570.9085,3740280,Indication split,Indication 20,Indication 20,0.0238768201134552,0.0375264225540313
155,Floresland,INNOVIX,2021-10-01,7195.4451,14570.9085,3740280,Indication split,Indication 14,Indication 14,0.0101968820555034,0.0
156,Floresland,INNOVIX,2021-10-01,7195.4451,14570.9085,3740280,Indication split,Indication 12,Indication 12,0.102927734145508,0.0525675387800468
157,Floresland,INNOVIX,2021-10-01,7195.4451,14570.9085,3740280,Indication split,Indication 1,Indication 1,0.0143866643807039,0.059513979172401
158,Floresland,INNOVIX,2021-10-01,7195.4451,14570.9085,3740280,Indication split,Indication 23,Indication 23,0.198283682501871,0.0547234819668578
159,Floresland,INNOVIX,2021-10-01,7195.4451,14570.9085,3740280,Indication split,Indication 15,Indication 15,0.0379101131091063,
160,Floresland,INNOVIX,2021-10-01,7195.4451,14570.9085,3740280,Indication split,Indication 19,Indication 19,0.303937614794302,
161,Floresland,INNOVIX,2021-10-01,7195.4451,14570.9085,3740280,Indication split,Indication 9,Indication 9,0.00782433489863891,0.0
162,Floresland,INNOVIX,2021-10-01,7195.4451,14570.9085,3740280,Indication split,Indication 10,Indication 10,0.0,0.0
163,Floresland,INNOVIX,2021-10-01,7195.4451,14570.9085,3740280,Indication split,Indication 2,Indication 2-a,0.137354840594226,0.0225158618657472
164,Floresland,INNOVIX,2021-10-01,7195.4451,14570.9085,3740280,Indication split,Indication 2,Indication 2-c,0.163301313406685,0.0335735776376353
165,Floresland,INNOVIX,2021-11-01,7298.9416,14638.1502,3818660,Indication split,Indication 20,Indication 20,0.0184585751517921,0.0300619621719662
166,Floresland,INNOVIX,2021-11-01,7298.9416,14638.1502,3818660,Indication split,Indication 14,Indication 14,0.016175069840211,0.0
167,Floresland,INNOVIX,2021-11-01,7298.9416,14638.1502,3818660,Indication split,Indication 12,Indication 12,0.115746863625214,0.0588093023935267
168,Floresland,INNOVIX,2021-11-01,7298.9416,14638.1502,3818660,Indication split,Indication 1,Indication 1,0.0285442287659264,0.0996700729316311
169,Floresland,INNOVIX,2021-11-01,7298.9416,14638.1502,3818660,Indication split,Indication 23,Indication 23,0.179115046674574,0.0472002945552107
170,Floresland,INNOVIX,2021-11-01,7298.9416,14638.1502,3818660,Indication split,Indication 15,Indication 15,0.0396289889779374,
171,Floresland,INNOVIX,2021-11-01,7298.9416,14638.1502,3818660,Indication split,Indication 19,Indication 19,0.298572735297095,
172,Floresland,INNOVIX,2021-11-01,7298.9416,14638.1502,3818660,Indication split,Indication 9,Indication 9,0.00803996618831383,0.0
173,Floresland,INNOVIX,2021-11-01,7298.9416,14638.1502,3818660,Indication split,Indication 10,Indication 10,0.0,0.0
174,Floresland,INNOVIX,2021-11-01,7298.9416,14638.1502,3818660,Indication split,Indication 2,Indication 2-a,0.10794490432611,0.020368705301695
175,Floresland,INNOVIX,2021-11-01,7298.9416,14638.1502,3818660,Indication split,Indication 2,Indication 2-c,0.187773621152826,0.0268056795503584
176,Floresland,INNOVIX,2021-12-01,6512.1015,13912.6235,3391260,Indication split,Indication 20,Indication 20,0.0314718973508269,0.0367895491781726
177,Floresland,INNOVIX,2021-12-01,6512.1015,13912.6235,3391260,Indication split,Indication 14,Indication 14,0.00738798679828941,0.0
178,Floresland,INNOVIX,2021-12-01,6512.1015,13912.6235,3391260,Indication split,Indication 12,Indication 12,0.0902267947175693,0.0527818605766174
179,Floresland,INNOVIX,2021-12-01,6512.1015,13912.6235,3391260,Indication split,Indication 1,Indication 1,0.0151832629599849,0.0647569149920865
180,Floresland,INNOVIX,2021-12-01,6512.1015,13912.6235,3391260,Indication split,Indication 23,Indication 23,0.224781879943758,0.0670219123999913
181,Floresland,INNOVIX,2021-12-01,6512.1015,13912.6235,3391260,Indication split,Indication 15,Indication 15,0.0361256721665343,
182,Floresland,INNOVIX,2021-12-01,6512.1015,13912.6235,3391260,Indication split,Indication 19,Indication 19,0.348438849693993,
183,Floresland,INNOVIX,2021-12-01,6512.1015,13912.6235,3391260,Indication split,Indication 9,Indication 9,0.00796974826299027,0.0
184,Floresland,INNOVIX,2021-12-01,6512.1015,13912.6235,3391260,Indication split,Indication 10,Indication 10,0.0,0.0
185,Floresland,INNOVIX,2021-12-01,6512.1015,13912.6235,3391260,Indication split,Indication 2,Indication 2-a,0.0878806115051727,0.00971583356771091
186,Floresland,INNOVIX,2021-12-01,6512.1015,13912.6235,3391260,Indication split,Indication 2,Indication 2-c,0.150533296600882,0.0382237982179966
187,Floresland,INNOVIX,2022-01-01,8172.6422,15855.4104,4317160,Indication split,Indication 20,Indication 20,0.0129796745886864,0.04336000124842
188,Floresland,INNOVIX,2022-01-01,8172.6422,15855.4104,4317160,Indication split,Indication 14,Indication 14,0.00563714693966156,0.0
189,Floresland,INNOVIX,2022-01-01,8172.6422,15855.4104,4317160,Indication split,Indication 12,Indication 12,0.120700993124701,0.05015698209845
190,Floresland,INNOVIX,2022-01-01,8172.6422,15855.4104,4317160,Indication split,Indication 1,Indication 1,0.0227854272818061,0.0705227404602156
191,Floresland,INNOVIX,2022-01-01,8172.6422,15855.4104,4317160,Indication split,Indication 23,Indication 23,0.182141003357439,0.0502604425335572
192,Floresland,INNOVIX,2022-01-01,8172.6422,15855.4104,4317160,Indication split,Indication 15,Indication 15,0.0342965444768352,
193,Floresland,INNOVIX,2022-01-01,8172.6422,15855.4104,4317160,Indication split,Indication 19,Indication 19,0.309805950424057,
194,Floresland,INNOVIX,2022-01-01,8172.6422,15855.4104,4317160,Indication split,Indication 9,Indication 9,0.0109426731660285,0.0
195,Floresland,INNOVIX,2022-01-01,8172.6422,15855.4104,4317160,Indication split,Indication 10,Indication 10,0.0,0.0
196,Floresland,INNOVIX,2022-01-01,8172.6422,15855.4104,4317160,Indication split,Indication 2,Indication 2-a,0.0724301550311032,0.0201565743356516
197,Floresland,INNOVIX,2022-01-01,8172.6422,15855.4104,4317160,Indication split,Indication 2,Indication 2-c,0.228280431609682,0.0358121263235202
198,Floresland,INNOVIX,2022-02-01,6759.6729,14036.4183,3455040,Indication split,Indication 20,Indication 20,0.0291832672483313,0.0124127201370726
199,Floresland,INNOVIX,2022-02-01,6759.6729,14036.4183,3455040,Indication split,Indication 14,Indication 14,0.00685321753899641,0.00943199992545457
200,Floresland,INNOVIX,2022-02-01,6759.6729,14036.4183,3455040,Indication split,Indication 12,Indication 12,0.0805824674015391,0.0455016984415369
201,Floresland,INNOVIX,2022-02-01,6759.6729,14036.4183,3455040,Indication split,Indication 1,Indication 1,0.00559683491819842,0.0776800221892919
202,Floresland,INNOVIX,2022-02-01,6759.6729,14036.4183,3455040,Indication split,Indication 23,Indication 23,0.193089526802912,0.061072398046616
203,Floresland,INNOVIX,2022-02-01,6759.6729,14036.4183,3455040,Indication split,Indication 15,Indication 15,0.031410646139021,
204,Floresland,INNOVIX,2022-02-01,6759.6729,14036.4183,3455040,Indication split,Indication 19,Indication 19,0.31296386967288,
205,Floresland,INNOVIX,2022-02-01,6759.6729,14036.4183,3455040,Indication split,Indication 9,Indication 9,0.00862364893670943,0.0
206,Floresland,INNOVIX,2022-02-01,6759.6729,14036.4183,3455040,Indication split,Indication 10,Indication 10,0.00102797748504436,0.0
207,Floresland,INNOVIX,2022-02-01,6759.6729,14036.4183,3455040,Indication split,Indication 2,Indication 2-a,0.129468988076569,0.0186230775295142
208,Floresland,INNOVIX,2022-02-01,6759.6729,14036.4183,3455040,Indication split,Indication 2,Indication 2-c,0.201199555779798,0.0222057626357246
209,Floresland,INNOVIX,2022-03-01,7425.2215,16610.9382,3833600,Indication split,Indication 20,Indication 20,0.0137715104252252,0.0130353144382658
210,Floresland,INNOVIX,2022-03-01,7425.2215,16610.9382,3833600,Indication split,Indication 14,Indication 14,0.0179848908995662,0.00642317059278054
211,Floresland,INNOVIX,2022-03-01,7425.2215,16610.9382,3833600,Indication split,Indication 12,Indication 12,0.0765743299747984,0.0732700754047678
212,Floresland,INNOVIX,2022-03-01,7425.2215,16610.9382,3833600,Indication split,Indication 1,Indication 1,0.0130478804681859,0.0646287990917124
213,Floresland,INNOVIX,2022-03-01,7425.2215,16610.9382,3833600,Indication split,Indication 23,Indication 23,0.191073935701092,0.0498453387326554
214,Floresland,INNOVIX,2022-03-01,7425.2215,16610.9382,3833600,Indication split,Indication 15,Indication 15,0.0362216298426499,
215,Floresland,INNOVIX,2022-03-01,7425.2215,16610.9382,3833600,Indication split,Indication 19,Indication 19,0.307497253219363,
216,Floresland,INNOVIX,2022-03-01,7425.2215,16610.9382,3833600,Indication split,Indication 9,Indication 9,0.0101259349128418,0.0
217,Floresland,INNOVIX,2022-03-01,7425.2215,16610.9382,3833600,Indication split,Indication 10,Indication 10,0.00483626791364506,0.00472291798488832
218,Floresland,INNOVIX,2022-03-01,7425.2215,16610.9382,3833600,Indication split,Indication 2,Indication 2-a,0.0842316854145659,0.0324622261494502
219,Floresland,INNOVIX,2022-03-01,7425.2215,16610.9382,3833600,Indication split,Indication 2,Indication 2-c,0.244634681228067,0.0219983106140541
220,Floresland,INNOVIX,2022-04-01,7203.3855,16155.0696,3670760,Indication split,Indication 20,Indication 20,0.0180011732167792,0.0117020918146765
221,Floresland,INNOVIX,2022-04-01,7203.3855,16155.0696,3670760,Indication split,Indication 14,Indication 14,0.00783166547913105,0.00754976153569792
222,Floresland,INNOVIX,2022-04-01,7203.3855,16155.0696,3670760,Indication split,Indication 12,Indication 12,0.079368828155394,0.0544289813457248
223,Floresland,INNOVIX,2022-04-01,7203.3855,16155.0696,3670760,Indication split,Indication 1,Indication 1,0.0241379526236769,0.0588723402383898
224,Floresland,INNOVIX,2022-04-01,7203.3855,16155.0696,3670760,Indication split,Indication 23,Indication 23,0.240619335329042,0.0506941614980795
225,Floresland,INNOVIX,2022-04-01,7203.3855,16155.0696,3670760,Indication split,Indication 15,Indication 15,0.0412624828195742,
226,Floresland,INNOVIX,2022-04-01,7203.3855,16155.0696,3670760,Indication split,Indication 19,Indication 19,0.302162520610859,
227,Floresland,INNOVIX,2022-04-01,7203.3855,16155.0696,3670760,Indication split,Indication 9,Indication 9,0.016130930714297,0.0
228,Floresland,INNOVIX,2022-04-01,7203.3855,16155.0696,3670760,Indication split,Indication 10,Indication 10,0.0323202613981245,0.00144131355975207
229,Floresland,INNOVIX,2022-04-01,7203.3855,16155.0696,3670760,Indication split,Indication 2,Indication 2-a,0.0558152926181082,0.00652022092031185
230,Floresland,INNOVIX,2022-04-01,7203.3855,16155.0696,3670760,Indication split,Indication 2,Indication 2-c,0.182349557035014,0.0202813669021427
231,Floresland,INNOVIX,2022-05-01,7776.7678,16554.3867,3946000,Indication split,Indication 20,Indication 20,0.0127867395238017,0.0138255281718028
232,Floresland,INNOVIX,2022-05-01,7776.7678,16554.3867,3946000,Indication split,Indication 14,Indication 14,0.0116972523642741,0.0044295316796415
233,Floresland,INNOVIX,2022-05-01,7776.7678,16554.3867,3946000,Indication split,Indication 12,Indication 12,0.0831422743928874,0.0546288062719123
234,Floresland,INNOVIX,2022-05-01,7776.7678,16554.3867,3946000,Indication split,Indication 1,Indication 1,0.0192086795136859,0.0717073465625906
235,Floresland,INNOVIX,2022-05-01,7776.7678,16554.3867,3946000,Indication split,Indication 23,Indication 23,0.166227065863785,0.0637721095250791
236,Floresland,INNOVIX,2022-05-01,7776.7678,16554.3867,3946000,Indication split,Indication 15,Indication 15,0.0428325851078581,
237,Floresland,INNOVIX,2022-05-01,7776.7678,16554.3867,3946000,Indication split,Indication 19,Indication 19,0.363474515750475,
238,Floresland,INNOVIX,2022-05-01,7776.7678,16554.3867,3946000,Indication split,Indication 9,Indication 9,0.0116399064286934,0.0
239,Floresland,INNOVIX,2022-05-01,7776.7678,16554.3867,3946000,Indication split,Indication 10,Indication 10,0.0155389505957488,0.00201342591498766
240,Floresland,INNOVIX,2022-05-01,7776.7678,16554.3867,3946000,Indication split,Indication 2,Indication 2-a,0.0492546278375493,0.0128188085476448
241,Floresland,INNOVIX,2022-05-01,7776.7678,16554.3867,3946000,Indication split,Indication 2,Indication 2-c,0.224197402621242,0.0213534720280371
242,Floresland,INNOVIX,2022-06-01,7591.28,16682.3196,3876800,Indication split,Indication 20,Indication 20,0.0265126607932641,0.0229414634569893
243,Floresland,INNOVIX,2022-06-01,7591.28,16682.3196,3876800,Indication split,Indication 14,Indication 14,0.00577555582319175,0.0107893264075909
244,Floresland,INNOVIX,2022-06-01,7591.28,16682.3196,3876800,Indication split,Indication 12,Indication 12,0.0767876625726271,0.0435973598788106
245,Floresland,INNOVIX,2022-06-01,7591.28,16682.3196,3876800,Indication split,Indication 1,Indication 1,0.0114411451628388,0.0796895905180971
246,Floresland,INNOVIX,2022-06-01,7591.28,16682.3196,3876800,Indication split,Indication 23,Indication 23,0.229317953775084,0.0390033091165504
247,Floresland,INNOVIX,2022-06-01,7591.28,16682.3196,3876800,Indication split,Indication 15,Indication 15,0.0711221571256285,
248,Floresland,INNOVIX,2022-06-01,7591.28,16682.3196,3876800,Indication split,Indication 19,Indication 19,0.281793157708884,
249,Floresland,INNOVIX,2022-06-01,7591.28,16682.3196,3876800,Indication split,Indication 9,Indication 9,0.0163916503459112,0.0
250,Floresland,INNOVIX,2022-06-01,7591.28,16682.3196,3876800,Indication split,Indication 10,Indication 10,0.0162815999697181,0.00176035140253784
251,Floresland,INNOVIX,2022-06-01,7591.28,16682.3196,3876800,Indication split,Indication 2,Indication 2-a,0.0733773593003675,0.00721178214201796
252,Floresland,INNOVIX,2022-06-01,7591.28,16682.3196,3876800,Indication split,Indication 2,Indication 2-c,0.191199097422486,0.0145087794317193
253,Floresland,INNOVIX,2022-07-01,7268.560841666666,18889.1142,3704320,Indication split,Indication 20,Indication 20,0.0188108209493604,0.0203820209366802
254,Floresland,INNOVIX,2022-07-01,7268.560841666666,18889.1142,3704320,Indication split,Indication 14,Indication 14,0.00615069372741542,0.0043569140845883
255,Floresland,INNOVIX,2022-07-01,7268.560841666666,18889.1142,3704320,Indication split,Indication 12,Indication 12,0.121271133734471,0.0641039254042498
256,Floresland,INNOVIX,2022-07-01,7268.560841666666,18889.1142,3704320,Indication split,Indication 1,Indication 1,0.0150692214809238,0.0422242148337696
257,Floresland,INNOVIX,2022-07-01,7268.560841666666,18889.1142,3704320,Indication split,Indication 23,Indication 23,0.179446488657008,0.0405758844078449
258,Floresland,INNOVIX,2022-07-01,7268.560841666666,18889.1142,3704320,Indication split,Indication 15,Indication 15,0.0538697718342812,
259,Floresland,INNOVIX,2022-07-01,7268.560841666666,18889.1142,3704320,Indication split,Indication 19,Indication 19,0.23316229398829,
260,Floresland,INNOVIX,2022-07-01,7268.560841666666,18889.1142,3704320,Indication split,Indication 9,Indication 9,0.0212198984016038,0.0
261,Floresland,INNOVIX,2022-07-01,7268.560841666666,18889.1142,3704320,Indication split,Indication 10,Indication 10,0.0133264638603508,0.00913161170787766
262,Floresland,INNOVIX,2022-07-01,7268.560841666666,18889.1142,3704320,Indication split,Indication 2,Indication 2-a,0.103792935641716,0.0272456229023457
263,Floresland,INNOVIX,2022-07-01,7268.560841666666,18889.1142,3704320,Indication split,Indication 2,Indication 2-c,0.23388027772458,0.0298120036826153
264,Floresland,INNOVIX,2022-08-01,8807.078566666667,19597.7181375,4165620,Indication split,Indication 20,Indication 20,0.0136874247027268,0.00702209507111541
265,Floresland,INNOVIX,2022-08-01,8807.078566666667,19597.7181375,4165620,Indication split,Indication 14,Indication 14,0.0285634211032138,0.011579238166046
266,Floresland,INNOVIX,2022-08-01,8807.078566666667,19597.7181375,4165620,Indication split,Indication 12,Indication 12,0.0677889352135219,0.0562846830242391
267,Floresland,INNOVIX,2022-08-01,8807.078566666667,19597.7181375,4165620,Indication split,Indication 1,Indication 1,0.0109989049300656,0.044364309770479
268,Floresland,INNOVIX,2022-08-01,8807.078566666667,19597.7181375,4165620,Indication split,Indication 23,Indication 23,0.236195245131327,0.0397556699611575
269,Floresland,INNOVIX,2022-08-01,8807.078566666667,19597.7181375,4165620,Indication split,Indication 15,Indication 15,0.0929292893393861,
270,Floresland,INNOVIX,2022-08-01,8807.078566666667,19597.7181375,4165620,Indication split,Indication 19,Indication 19,0.238608433831178,
271,Floresland,INNOVIX,2022-08-01,8807.078566666667,19597.7181375,4165620,Indication split,Indication 9,Indication 9,0.0246913644771383,0.0
272,Floresland,INNOVIX,2022-08-01,8807.078566666667,19597.7181375,4165620,Indication split,Indication 10,Indication 10,0.0322161222789127,0.0
273,Floresland,INNOVIX,2022-08-01,8807.078566666667,19597.7181375,4165620,Indication split,Indication 2,Indication 2-a,0.0654881332987062,0.00951564056248194
274,Floresland,INNOVIX,2022-08-01,8807.078566666667,19597.7181375,4165620,Indication split,Indication 2,Indication 2-c,0.188832725693823,0.0274577100491109
275,Floresland,INNOVIX,2022-09-01,6838.661683333334,19823.3131125,3673280,Indication split,Indication 20,Indication 20,0.0118453519496927,0.031350102289279
276,Floresland,INNOVIX,2022-09-01,6838.661683333334,19823.3131125,3673280,Indication split,Indication 14,Indication 14,0.0096916350114384,0.0152646943006492
277,Floresland,INNOVIX,2022-09-01,6838.661683333334,19823.3131125,3673280,Indication split,Indication 12,Indication 12,0.0923152343487445,0.0623100703681522
278,Floresland,INNOVIX,2022-09-01,6838.661683333334,19823.3131125,3673280,Indication split,Indication 1,Indication 1,0.020998545288744,0.0392840413083695
279,Floresland,INNOVIX,2022-09-01,6838.661683333334,19823.3131125,3673280,Indication split,Indication 23,Indication 23,0.166533236459825,0.0322406943868029
280,Floresland,INNOVIX,2022-09-01,6838.661683333334,19823.3131125,3673280,Indication split,Indication 15,Indication 15,0.0821119238611501,
281,Floresland,INNOVIX,2022-09-01,6838.661683333334,19823.3131125,3673280,Indication split,Indication 19,Indication 19,0.232803684925784,
282,Floresland,INNOVIX,2022-09-01,6838.661683333334,19823.3131125,3673280,Indication split,Indication 9,Indication 9,0.0332354233393171,0.0120237288077495
283,Floresland,INNOVIX,2022-09-01,6838.661683333334,19823.3131125,3673280,Indication split,Indication 10,Indication 10,0.0232011345815789,0.00168646102846147
284,Floresland,INNOVIX,2022-09-01,6838.661683333334,19823.3131125,3673280,Indication split,Indication 2,Indication 2-a,0.107635813694604,0.00994559511027112
285,Floresland,INNOVIX,2022-09-01,6838.661683333334,19823.3131125,3673280,Indication split,Indication 2,Indication 2-c,0.219628016539121,0.0332261311081716
286,Floresland,INNOVIX,2022-10-01,7971.975550000001,19005.29205,4137600,Indication split,Indication 20,Indication 20,0.00999464338227247,0.0323189262362417
287,Floresland,INNOVIX,2022-10-01,7971.975550000001,19005.29205,4137600,Indication split,Indication 14,Indication 14,0.00698044077907612,0.00180204745414356
288,Floresland,INNOVIX,2022-10-01,7971.975550000001,19005.29205,4137600,Indication split,Indication 12,Indication 12,0.0620835537663592,0.057777898336438
289,Floresland,INNOVIX,2022-10-01,7971.975550000001,19005.29205,4137600,Indication split,Indication 1,Indication 1,0.00555259437350834,0.0497458573383176
290,Floresland,INNOVIX,2022-10-01,7971.975550000001,19005.29205,4137600,Indication split,Indication 23,Indication 23,0.29048109791425,0.0714358412991287
291,Floresland,INNOVIX,2022-10-01,7971.975550000001,19005.29205,4137600,Indication split,Indication 15,Indication 15,0.0675832839487196,
292,Floresland,INNOVIX,2022-10-01,7971.975550000001,19005.29205,4137600,Indication split,Indication 19,Indication 19,0.251824642408432,
293,Floresland,INNOVIX,2022-10-01,7971.975550000001,19005.29205,4137600,Indication split,Indication 9,Indication 9,0.0291380368633445,0.0129193191484424
294,Floresland,INNOVIX,2022-10-01,7971.975550000001,19005.29205,4137600,Indication split,Indication 10,Indication 10,0.0455843797755545,0.00260603230348504
295,Floresland,INNOVIX,2022-10-01,7971.975550000001,19005.29205,4137600,Indication split,Indication 2,Indication 2-a,0.066049709160856,0.0116994381156867
296,Floresland,INNOVIX,2022-10-01,7971.975550000001,19005.29205,4137600,Indication split,Indication 2,Indication 2-c,0.164727617627627,0.0225394635130411
297,Floresland,INNOVIX,2022-11-01,7044.138099999999,19737.4417125,3593180,Indication split,Indication 20,Indication 20,0.00961053081704512,0.0311907967189516
298,Floresland,INNOVIX,2022-11-01,7044.138099999999,19737.4417125,3593180,Indication split,Indication 14,Indication 14,0.0136570683799725,0.00150094274508015
299,Floresland,INNOVIX,2022-11-01,7044.138099999999,19737.4417125,3593180,Indication split,Indication 12,Indication 12,0.0649468671296138,0.0490526361673355
300,Floresland,INNOVIX,2022-11-01,7044.138099999999,19737.4417125,3593180,Indication split,Indication 1,Indication 1,0.00581693263999523,0.0696059836360534
301,Floresland,INNOVIX,2022-11-01,7044.138099999999,19737.4417125,3593180,Indication split,Indication 23,Indication 23,0.227769388245635,0.069424283464144
302,Floresland,INNOVIX,2022-11-01,7044.138099999999,19737.4417125,3593180,Indication split,Indication 15,Indication 15,0.053313067531105,
303,Floresland,INNOVIX,2022-11-01,7044.138099999999,19737.4417125,3593180,Indication split,Indication 19,Indication 19,0.221446576833885,
304,Floresland,INNOVIX,2022-11-01,7044.138099999999,19737.4417125,3593180,Indication split,Indication 9,Indication 9,0.0317652722499057,0.0113786628748587
305,Floresland,INNOVIX,2022-11-01,7044.138099999999,19737.4417125,3593180,Indication split,Indication 10,Indication 10,0.0247344308862176,0.00458323299045703
306,Floresland,INNOVIX,2022-11-01,7044.138099999999,19737.4417125,3593180,Indication split,Indication 2,Indication 2-a,0.137379879653792,0.0127311982528497
307,Floresland,INNOVIX,2022-11-01,7044.138099999999,19737.4417125,3593180,Indication split,Indication 2,Indication 2-c,0.209559985632833,0.0465826663245168
308,Floresland,INNOVIX,2022-12-01,6780.361816666667,19214.9892,3430160,Indication split,Indication 20,Indication 20,0.00766581733939941,0.0322965953515822
309,Floresland,INNOVIX,2022-12-01,6780.361816666667,19214.9892,3430160,Indication split,Indication 14,Indication 14,0.00746929833981511,0.00493640671236431
310,Floresland,INNOVIX,2022-12-01,6780.361816666667,19214.9892,3430160,Indication split,Indication 12,Indication 12,0.0876167184598007,0.0613245133115252
311,Floresland,INNOVIX,2022-12-01,6780.361816666667,19214.9892,3430160,Indication split,Indication 1,Indication 1,0.0275184234920073,0.0443701776423887
312,Floresland,INNOVIX,2022-12-01,6780.361816666667,19214.9892,3430160,Indication split,Indication 23,Indication 23,0.188599569615509,0.0554173231827485
313,Floresland,INNOVIX,2022-12-01,6780.361816666667,19214.9892,3430160,Indication split,Indication 15,Indication 15,0.0877150272207058,
314,Floresland,INNOVIX,2022-12-01,6780.361816666667,19214.9892,3430160,Indication split,Indication 19,Indication 19,0.252629049173166,
315,Floresland,INNOVIX,2022-12-01,6780.361816666667,19214.9892,3430160,Indication split,Indication 9,Indication 9,0.0174446901150878,0.0130880245510708
316,Floresland,INNOVIX,2022-12-01,6780.361816666667,19214.9892,3430160,Indication split,Indication 10,Indication 10,0.0362162118847886,0.00190793549280649
317,Floresland,INNOVIX,2022-12-01,6780.361816666667,19214.9892,3430160,Indication split,Indication 2,Indication 2-a,0.0800982246886057,0.0242883199236447
318,Floresland,INNOVIX,2022-12-01,6780.361816666667,19214.9892,3430160,Indication split,Indication 2,Indication 2-c,0.207026969671115,0.0318594154416434
319,Floresland,INNOVIX,2023-01-01,9352.68525,21973.790249999995,4780460,Indication split,Indication 20,Indication 20,0.0114286054054777,0.0238852325576956
320,Floresland,INNOVIX,2023-01-01,9352.68525,21973.790249999995,4780460,Indication split,Indication 14,Indication 14,0.00813185852388807,0.00597631493038516
321,Floresland,INNOVIX,2023-01-01,9352.68525,21973.790249999995,4780460,Indication split,Indication 12,Indication 12,0.0575273859535579,0.0657034180567057
322,Floresland,INNOVIX,2023-01-01,9352.68525,21973.790249999995,4780460,Indication split,Indication 1,Indication 1,0.0224725478300849,0.0461001126942369
323,Floresland,INNOVIX,2023-01-01,9352.68525,21973.790249999995,4780460,Indication split,Indication 23,Indication 23,0.182252769659611,0.0493691056160747
324,Floresland,INNOVIX,2023-01-01,9352.68525,21973.790249999995,4780460,Indication split,Indication 15,Indication 15,0.0884615227390517,
325,Floresland,INNOVIX,2023-01-01,9352.68525,21973.790249999995,4780460,Indication split,Indication 19,Indication 19,0.282527206054527,
326,Floresland,INNOVIX,2023-01-01,9352.68525,21973.790249999995,4780460,Indication split,Indication 9,Indication 9,0.0405494781965245,0.00837234633455416
327,Floresland,INNOVIX,2023-01-01,9352.68525,21973.790249999995,4780460,Indication split,Indication 10,Indication 10,0.026593367411559,0.00358028352621617
328,Floresland,INNOVIX,2023-01-01,9352.68525,21973.790249999995,4780460,Indication split,Indication 2,Indication 2-a,0.0948353031967602,0.0088313678429265
329,Floresland,INNOVIX,2023-01-01,9352.68525,21973.790249999995,4780460,Indication split,Indication 2,Indication 2-c,0.185219955028958,0.0379876711203284
330,Floresland,INNOVIX,2023-02-01,7363.778641666667,19911.66525,3780620,Indication split,Indication 20,Indication 20,0.0105784881750761,0.0131888052967931
331,Floresland,INNOVIX,2023-02-01,7363.778641666667,19911.66525,3780620,Indication split,Indication 14,Indication 14,0.0149556879350355,0.0107798778346445
332,Floresland,INNOVIX,2023-02-01,7363.778641666667,19911.66525,3780620,Indication split,Indication 12,Indication 12,0.0709745777585876,0.068717850837639
333,Floresland,INNOVIX,2023-02-01,7363.778641666667,19911.66525,3780620,Indication split,Indication 1,Indication 1,0.0155809948479217,0.0537620851634516
334,Floresland,INNOVIX,2023-02-01,7363.778641666667,19911.66525,3780620,Indication split,Indication 23,Indication 23,0.168733791343792,0.0341883958194271
335,Floresland,INNOVIX,2023-02-01,7363.778641666667,19911.66525,3780620,Indication split,Indication 15,Indication 15,0.0702449388718743,
336,Floresland,INNOVIX,2023-02-01,7363.778641666667,19911.66525,3780620,Indication split,Indication 19,Indication 19,0.256227341442882,
337,Floresland,INNOVIX,2023-02-01,7363.778641666667,19911.66525,3780620,Indication split,Indication 9,Indication 9,0.0312142327373905,0.0119576084117427
338,Floresland,INNOVIX,2023-02-01,7363.778641666667,19911.66525,3780620,Indication split,Indication 10,Indication 10,0.0204794777654745,0.0011442367618515
339,Floresland,INNOVIX,2023-02-01,7363.778641666667,19911.66525,3780620,Indication split,Indication 2,Indication 2-a,0.133350526219791,0.0138512675703431
340,Floresland,INNOVIX,2023-02-01,7363.778641666667,19911.66525,3780620,Indication split,Indication 2,Indication 2-c,0.207659942902174,0.0333032650114981
341,Floresland,INNOVIX,2023-03-01,8729.061625,23296.487399999998,4419300,Indication split,Indication 20,Indication 20,0.0124091856041345,0.0444257019996753
342,Floresland,INNOVIX,2023-03-01,8729.061625,23296.487399999998,4419300,Indication split,Indication 14,Indication 14,0.0171858346265688,0.00842460593081806
343,Floresland,INNOVIX,2023-03-01,8729.061625,23296.487399999998,4419300,Indication split,Indication 12,Indication 12,0.059449666603158,0.0336991029137096
344,Floresland,INNOVIX,2023-03-01,8729.061625,23296.487399999998,4419300,Indication split,Indication 1,Indication 1,0.0361889843337729,0.0564927195409389
345,Floresland,INNOVIX,2023-03-01,8729.061625,23296.487399999998,4419300,Indication split,Indication 23,Indication 23,0.181204547810616,0.0443334043544951
346,Floresland,INNOVIX,2023-03-01,8729.061625,23296.487399999998,4419300,Indication split,Indication 15,Indication 15,0.089771494020772,
347,Floresland,INNOVIX,2023-03-01,8729.061625,23296.487399999998,4419300,Indication split,Indication 19,Indication 19,0.262045832944398,
348,Floresland,INNOVIX,2023-03-01,8729.061625,23296.487399999998,4419300,Indication split,Indication 9,Indication 9,0.020560753756557,0.0135937220375852
349,Floresland,INNOVIX,2023-03-01,8729.061625,23296.487399999998,4419300,Indication split,Indication 10,Indication 10,0.033437222273288,0.00682392748026474
350,Floresland,INNOVIX,2023-03-01,8729.061625,23296.487399999998,4419300,Indication split,Indication 2,Indication 2-a,0.0546729157132865,0.01948892162362
351,Floresland,INNOVIX,2023-03-01,8729.061625,23296.487399999998,4419300,Indication split,Indication 2,Indication 2-c,0.233073562313449,0.0303048703792507
352,Floresland,INNOVIX,2023-04-01,7811.661033333334,21132.515625,3976200,Indication split,Indication 20,Indication 20,0.0194515513116582,0.0546239837633257
353,Floresland,INNOVIX,2023-04-01,7811.661033333334,21132.515625,3976200,Indication split,Indication 14,Indication 14,0.0115286784871727,0.00289454590054636
354,Floresland,INNOVIX,2023-04-01,7811.661033333334,21132.515625,3976200,Indication split,Indication 12,Indication 12,0.0563737756945833,0.0509930895212773
355,Floresland,INNOVIX,2023-04-01,7811.661033333334,21132.515625,3976200,Indication split,Indication 1,Indication 1,0.0285424666938408,0.0506834284566145
356,Floresland,INNOVIX,2023-04-01,7811.661033333334,21132.515625,3976200,Indication split,Indication 23,Indication 23,0.202437745803988,0.0350059375972169
357,Floresland,INNOVIX,2023-04-01,7811.661033333334,21132.515625,3976200,Indication split,Indication 15,Indication 15,0.0588115907025798,
358,Floresland,INNOVIX,2023-04-01,7811.661033333334,21132.515625,3976200,Indication split,Indication 19,Indication 19,0.249517665361248,
359,Floresland,INNOVIX,2023-04-01,7811.661033333334,21132.515625,3976200,Indication split,Indication 9,Indication 9,0.0656678394439319,0.00827160373984649
360,Floresland,INNOVIX,2023-04-01,7811.661033333334,21132.515625,3976200,Indication split,Indication 10,Indication 10,0.0549009413821286,0.00592000091217271
361,Floresland,INNOVIX,2023-04-01,7811.661033333334,21132.515625,3976200,Indication split,Indication 2,Indication 2-a,0.0920770925735102,0.0218879848825863
362,Floresland,INNOVIX,2023-04-01,7811.661033333334,21132.515625,3976200,Indication split,Indication 2,Indication 2-c,0.160690652545358,0.0359606372820704
363,Floresland,INNOVIX,2023-05-01,8412.820175,21519.9645375,4296480,Indication split,Indication 20,Indication 20,0.0188161208006752,0.00720140231451568
364,Floresland,INNOVIX,2023-05-01,8412.820175,21519.9645375,4296480,Indication split,Indication 14,Indication 14,0.00988372821980049,0.00641063657018305
365,Floresland,INNOVIX,2023-05-01,8412.820175,21519.9645375,4296480,Indication split,Indication 12,Indication 12,0.073361541197576,0.0497018163924183
366,Floresland,INNOVIX,2023-05-01,8412.820175,21519.9645375,4296480,Indication split,Indication 1,Indication 1,0.0181289642192791,0.0513783265788907
367,Floresland,INNOVIX,2023-05-01,8412.820175,21519.9645375,4296480,Indication split,Indication 23,Indication 23,0.158139465391807,0.0268372693630054
368,Floresland,INNOVIX,2023-05-01,8412.820175,21519.9645375,4296480,Indication split,Indication 15,Indication 15,0.0678647453986812,
369,Floresland,INNOVIX,2023-05-01,8412.820175,21519.9645375,4296480,Indication split,Indication 19,Indication 19,0.254809795731704,
370,Floresland,INNOVIX,2023-05-01,8412.820175,21519.9645375,4296480,Indication split,Indication 9,Indication 9,0.0350423291398299,0.0158234283596434
371,Floresland,INNOVIX,2023-05-01,8412.820175,21519.9645375,4296480,Indication split,Indication 10,Indication 10,0.042071847397398,0.0
372,Floresland,INNOVIX,2023-05-01,8412.820175,21519.9645375,4296480,Indication split,Indication 2,Indication 2-a,0.0684989240367528,0.0266309289930829
373,Floresland,INNOVIX,2023-05-01,8412.820175,21519.9645375,4296480,Indication split,Indication 2,Indication 2-c,0.253382538466496,0.0512104542837073
374,Floresland,INNOVIX,2023-06-01,8418.536333333333,23784.737399999998,4323880,Indication split,Indication 20,Indication 20,0.010867274849161,0.0259503067023729
375,Floresland,INNOVIX,2023-06-01,8418.536333333333,23784.737399999998,4323880,Indication split,Indication 14,Indication 14,0.0146680668000066,0.00637325469744798
376,Floresland,INNOVIX,2023-06-01,8418.536333333333,23784.737399999998,4323880,Indication split,Indication 12,Indication 12,0.0456103197350944,0.0588484439178983
377,Floresland,INNOVIX,2023-06-01,8418.536333333333,23784.737399999998,4323880,Indication split,Indication 1,Indication 1,0.0247323670154789,0.0424637007639416
378,Floresland,INNOVIX,2023-06-01,8418.536333333333,23784.737399999998,4323880,Indication split,Indication 23,Indication 23,0.139400444019547,0.0403768439604129
379,Floresland,INNOVIX,2023-06-01,8418.536333333333,23784.737399999998,4323880,Indication split,Indication 15,Indication 15,0.116809365369598,
380,Floresland,INNOVIX,2023-06-01,8418.536333333333,23784.737399999998,4323880,Indication split,Indication 19,Indication 19,0.270663948032482,
381,Floresland,INNOVIX,2023-06-01,8418.536333333333,23784.737399999998,4323880,Indication split,Indication 9,Indication 9,0.0478051454117929,0.0163618085218862
382,Floresland,INNOVIX,2023-06-01,8418.536333333333,23784.737399999998,4323880,Indication split,Indication 10,Indication 10,0.0413276239566474,0.00122892910233461
383,Floresland,INNOVIX,2023-06-01,8418.536333333333,23784.737399999998,4323880,Indication split,Indication 2,Indication 2-a,0.0524625173345752,0.027407872806895
384,Floresland,INNOVIX,2023-06-01,8418.536333333333,23784.737399999998,4323880,Indication split,Indication 2,Indication 2-c,0.235652927475617,0.0469807801663639
385,Floresland,INNOVIX,2023-07-01,8715.751708333331,22899.512025,4480960,Indication split,Indication 20,Indication 20,0.021735909286305,0.00601636484451534
386,Floresland,INNOVIX,2023-07-01,8715.751708333331,22899.512025,4480960,Indication split,Indication 14,Indication 14,0.00637981308492691,0.00654648953085123
387,Floresland,INNOVIX,2023-07-01,8715.751708333331,22899.512025,4480960,Indication split,Indication 12,Indication 12,0.0667408663293254,0.0465235101967346
388,Floresland,INNOVIX,2023-07-01,8715.751708333331,22899.512025,4480960,Indication split,Indication 1,Indication 1,0.0278684791935603,0.050921583711983
389,Floresland,INNOVIX,2023-07-01,8715.751708333331,22899.512025,4480960,Indication split,Indication 23,Indication 23,0.149357299148091,0.0350805604281659
390,Floresland,INNOVIX,2023-07-01,8715.751708333331,22899.512025,4480960,Indication split,Indication 15,Indication 15,0.05662706908309,
391,Floresland,INNOVIX,2023-07-01,8715.751708333331,22899.512025,4480960,Indication split,Indication 19,Indication 19,0.206107989820017,
392,Floresland,INNOVIX,2023-07-01,8715.751708333331,22899.512025,4480960,Indication split,Indication 9,Indication 9,0.0484420987503482,0.0129832272240281
393,Floresland,INNOVIX,2023-07-01,8715.751708333331,22899.512025,4480960,Indication split,Indication 10,Indication 10,0.0488872903160546,0.0
394,Floresland,INNOVIX,2023-07-01,8715.751708333331,22899.512025,4480960,Indication split,Indication 2,Indication 2-a,0.0968841975006965,0.019374489008092
395,Floresland,INNOVIX,2023-07-01,8715.751708333331,22899.512025,4480960,Indication split,Indication 2,Indication 2-c,0.270968987487585,0.0456817851880536
396,Floresland,INNOVIX,2023-08-01,8867.645108333332,25130.2392,4452240,Indication split,Indication 20,Indication 20,0.0305484015046456,0.0163793181904879
397,Floresland,INNOVIX,2023-08-01,8867.645108333332,25130.2392,4452240,Indication split,Indication 14,Indication 14,0.00650948508385922,0.0127093605979462
398,Floresland,INNOVIX,2023-08-01,8867.645108333332,25130.2392,4452240,Indication split,Indication 12,Indication 12,0.0758586253867925,0.0737571600604581
399,Floresland,INNOVIX,2023-08-01,8867.645108333332,25130.2392,4452240,Indication split,Indication 1,Indication 1,0.0298820718547908,0.0354055098575494
400,Floresland,INNOVIX,2023-08-01,8867.645108333332,25130.2392,4452240,Indication split,Indication 23,Indication 23,0.167913760572655,0.0466104586585304
401,Floresland,INNOVIX,2023-08-01,8867.645108333332,25130.2392,4452240,Indication split,Indication 15,Indication 15,0.0503331333563497,
402,Floresland,INNOVIX,2023-08-01,8867.645108333332,25130.2392,4452240,Indication split,Indication 19,Indication 19,0.238031835571227,
403,Floresland,INNOVIX,2023-08-01,8867.645108333332,25130.2392,4452240,Indication split,Indication 9,Indication 9,0.0451050312731228,0.0207869934416891
404,Floresland,INNOVIX,2023-08-01,8867.645108333332,25130.2392,4452240,Indication split,Indication 10,Indication 10,0.0663249400576043,0.00253694266023558
405,Floresland,INNOVIX,2023-08-01,8867.645108333332,25130.2392,4452240,Indication split,Indication 2,Indication 2-a,0.0425935765360215,0.0293179318433918
406,Floresland,INNOVIX,2023-08-01,8867.645108333332,25130.2392,4452240,Indication split,Indication 2,Indication 2-c,0.246899138802931,0.0422032675012612
407,Floresland,INNOVIX,2023-09-01,8070.286399999999,23491.03665,4106760,Indication split,Indication 20,Indication 20,0.0300610778853552,0.0155606726147957
408,Floresland,INNOVIX,2023-09-01,8070.286399999999,23491.03665,4106760,Indication split,Indication 14,Indication 14,0.0123532262371827,0.00233919836288513
409,Floresland,INNOVIX,2023-09-01,8070.286399999999,23491.03665,4106760,Indication split,Indication 12,Indication 12,0.0519727589088266,0.066677034118355
410,Floresland,INNOVIX,2023-09-01,8070.286399999999,23491.03665,4106760,Indication split,Indication 1,Indication 1,0.0333489624905195,0.0329187628954121
411,Floresland,INNOVIX,2023-09-01,8070.286399999999,23491.03665,4106760,Indication split,Indication 23,Indication 23,0.148637755043756,0.0410119249958068
412,Floresland,INNOVIX,2023-09-01,8070.286399999999,23491.03665,4106760,Indication split,Indication 15,Indication 15,0.0614843096672463,
413,Floresland,INNOVIX,2023-09-01,8070.286399999999,23491.03665,4106760,Indication split,Indication 19,Indication 19,0.210709118371495,
414,Floresland,INNOVIX,2023-09-01,8070.286399999999,23491.03665,4106760,Indication split,Indication 9,Indication 9,0.0258101954753921,0.00566998064672225
415,Floresland,INNOVIX,2023-09-01,8070.286399999999,23491.03665,4106760,Indication split,Indication 10,Indication 10,0.0632691461728516,0.0
416,Floresland,INNOVIX,2023-09-01,8070.286399999999,23491.03665,4106760,Indication split,Indication 2,Indication 2-a,0.0692814047963301,0.0446224545623498
417,Floresland,INNOVIX,2023-09-01,8070.286399999999,23491.03665,4106760,Indication split,Indication 2,Indication 2-c,0.293072044951045,0.0426646443403763
418,Floresland,INNOVIX,2023-10-01,9060.201408333334,24670.7127375,4671400,Indication split,Indication 20,Indication 20,0.00548040852942761,0.00872147025210693
419,Floresland,INNOVIX,2023-10-01,9060.201408333334,24670.7127375,4671400,Indication split,Indication 14,Indication 14,0.000965710611978011,0.00941495774780554
420,Floresland,INNOVIX,2023-10-01,9060.201408333334,24670.7127375,4671400,Indication split,Indication 12,Indication 12,0.0916466209483429,0.0389931967262017
421,Floresland,INNOVIX,2023-10-01,9060.201408333334,24670.7127375,4671400,Indication split,Indication 1,Indication 1,0.0257604765423966,0.0417682186227539
422,Floresland,INNOVIX,2023-10-01,9060.201408333334,24670.7127375,4671400,Indication split,Indication 23,Indication 23,0.180275109943655,0.0383641326041986
423,Floresland,INNOVIX,2023-10-01,9060.201408333334,24670.7127375,4671400,Indication split,Indication 15,Indication 15,0.0403910874752459,
424,Floresland,INNOVIX,2023-10-01,9060.201408333334,24670.7127375,4671400,Indication split,Indication 19,Indication 19,0.22337032906806,
425,Floresland,INNOVIX,2023-10-01,9060.201408333334,24670.7127375,4671400,Indication split,Indication 9,Indication 9,0.0561805704973263,0.0119082562854614
426,Floresland,INNOVIX,2023-10-01,9060.201408333334,24670.7127375,4671400,Indication split,Indication 10,Indication 10,0.0694591639927393,0.00482414108262937
427,Floresland,INNOVIX,2023-10-01,9060.201408333334,24670.7127375,4671400,Indication split,Indication 2,Indication 2-a,0.101593517671146,0.0211501474512354
428,Floresland,INNOVIX,2023-10-01,9060.201408333334,24670.7127375,4671400,Indication split,Indication 2,Indication 2-c,0.204877004719682,0.0397337941531284
429,Floresland,INNOVIX,2023-11-01,8476.586775,24281.6881125,4269780,Indication split,Indication 20,Indication 20,0.00903551283444389,0.0153883699668976
430,Floresland,INNOVIX,2023-11-01,8476.586775,24281.6881125,4269780,Indication split,Indication 14,Indication 14,0.00983926478181316,0.0112714872925412
431,Floresland,INNOVIX,2023-11-01,8476.586775,24281.6881125,4269780,Indication split,Indication 12,Indication 12,0.100730608399441,0.0437691453825975
432,Floresland,INNOVIX,2023-11-01,8476.586775,24281.6881125,4269780,Indication split,Indication 1,Indication 1,0.0382610723029771,0.0313607477131799
433,Floresland,INNOVIX,2023-11-01,8476.586775,24281.6881125,4269780,Indication split,Indication 23,Indication 23,0.153068661150398,0.0500985039592595
434,Floresland,INNOVIX,2023-11-01,8476.586775,24281.6881125,4269780,Indication split,Indication 15,Indication 15,0.0606916407040541,
435,Floresland,INNOVIX,2023-11-01,8476.586775,24281.6881125,4269780,Indication split,Indication 19,Indication 19,0.230881653896059,
436,Floresland,INNOVIX,2023-11-01,8476.586775,24281.6881125,4269780,Indication split,Indication 9,Indication 9,0.0800535960787084,0.0176769976394283
437,Floresland,INNOVIX,2023-11-01,8476.586775,24281.6881125,4269780,Indication split,Indication 10,Indication 10,0.0478080858946721,0.00254030534503003
438,Floresland,INNOVIX,2023-11-01,8476.586775,24281.6881125,4269780,Indication split,Indication 2,Indication 2-a,0.0723332054431902,0.0450415150982568
439,Floresland,INNOVIX,2023-11-01,8476.586775,24281.6881125,4269780,Indication split,Indication 2,Indication 2-c,0.197296698514243,0.0294089108649721
440,Floresland,INNOVIX,2023-12-01,7496.303375,22360.78125,3818920,Indication split,Indication 20,Indication 20,0.0121944871474316,0.0172754090403325
441,Floresland,INNOVIX,2023-12-01,7496.303375,22360.78125,3818920,Indication split,Indication 14,Indication 14,0.0,0.0131964739773048
442,Floresland,INNOVIX,2023-12-01,7496.303375,22360.78125,3818920,Indication split,Indication 12,Indication 12,0.0948320062728666,0.0364921470146494
443,Floresland,INNOVIX,2023-12-01,7496.303375,22360.78125,3818920,Indication split,Indication 1,Indication 1,0.0254327966168864,0.0345349017634947
444,Floresland,INNOVIX,2023-12-01,7496.303375,22360.78125,3818920,Indication split,Indication 23,Indication 23,0.149694487989183,0.041846609675092
445,Floresland,INNOVIX,2023-12-01,7496.303375,22360.78125,3818920,Indication split,Indication 15,Indication 15,0.036201642977648,
446,Floresland,INNOVIX,2023-12-01,7496.303375,22360.78125,3818920,Indication split,Indication 19,Indication 19,0.269297337526647,
447,Floresland,INNOVIX,2023-12-01,7496.303375,22360.78125,3818920,Indication split,Indication 9,Indication 9,0.0620162748942104,0.0153216269950898
448,Floresland,INNOVIX,2023-12-01,7496.303375,22360.78125,3818920,Indication split,Indication 10,Indication 10,0.0542006125391743,0.000266594705095823
449,Floresland,INNOVIX,2023-12-01,7496.303375,22360.78125,3818920,Indication split,Indication 2,Indication 2-a,0.0775967241457216,0.054838740073568
450,Floresland,INNOVIX,2023-12-01,7496.303375,22360.78125,3818920,Indication split,Indication 2,Indication 2-c,0.218533629890231,0.0389763479053542
451,Floresland,INNOVIX,2024-01-01,10448.201791666665,28937.087737499995,5303380,Indication split,Indication 20,Indication 20,0.0185652012476511,0.0172873034443512
452,Floresland,INNOVIX,2024-01-01,10448.201791666665,28937.087737499995,5303380,Indication split,Indication 14,Indication 14,0.000547651697694176,0.0141306926134623
453,Floresland,INNOVIX,2024-01-01,10448.201791666665,28937.087737499995,5303380,Indication split,Indication 12,Indication 12,0.0932639362922293,0.0302178386977326
454,Floresland,INNOVIX,2024-01-01,10448.201791666665,28937.087737499995,5303380,Indication split,Indication 1,Indication 1,0.0481653668127245,0.0735470193933244
455,Floresland,INNOVIX,2024-01-01,10448.201791666665,28937.087737499995,5303380,Indication split,Indication 23,Indication 23,0.167743697614176,0.045688414763179
456,Floresland,INNOVIX,2024-01-01,10448.201791666665,28937.087737499995,5303380,Indication split,Indication 15,Indication 15,0.0440854747082829,
457,Floresland,INNOVIX,2024-01-01,10448.201791666665,28937.087737499995,5303380,Indication split,Indication 19,Indication 19,0.282311111033816,
458,Floresland,INNOVIX,2024-01-01,10448.201791666665,28937.087737499995,5303380,Indication split,Indication 9,Indication 9,0.0482749319348418,0.0133908806369147
459,Floresland,INNOVIX,2024-01-01,10448.201791666665,28937.087737499995,5303380,Indication split,Indication 10,Indication 10,0.0460295947568741,0.000493227196642723
460,Floresland,INNOVIX,2024-01-01,10448.201791666665,28937.087737499995,5303380,Indication split,Indication 2,Indication 2-a,0.0573110458164819,0.0419482598186578
461,Floresland,INNOVIX,2024-01-01,10448.201791666665,28937.087737499995,5303380,Indication split,Indication 2,Indication 2-c,0.193701988085228,0.038668320574796
462,Floresland,INNOVIX,2024-02-01,8188.103966666667,25184.913449999996,4154500,Indication split,Indication 20,Indication 20,0.00987885483870968,0.00289095626059066
463,Floresland,INNOVIX,2024-02-01,8188.103966666667,25184.913449999996,4154500,Indication split,Indication 14,Indication 14,0.00512582258064516,0.0164772371195246
464,Floresland,INNOVIX,2024-02-01,8188.103966666667,25184.913449999996,4154500,Indication split,Indication 12,Indication 12,0.0835275806451613,0.0402302848689249
465,Floresland,INNOVIX,2024-02-01,8188.103966666667,25184.913449999996,4154500,Indication split,Indication 1,Indication 1,0.0351351451612903,0.067848532610585
466,Floresland,INNOVIX,2024-02-01,8188.103966666667,25184.913449999996,4154500,Indication split,Indication 23,Indication 23,0.200233,0.0471013041907834
467,Floresland,INNOVIX,2024-02-01,8188.103966666667,25184.913449999996,4154500,Indication split,Indication 15,Indication 15,0.0568033225806452,
468,Floresland,INNOVIX,2024-02-01,8188.103966666667,25184.913449999996,4154500,Indication split,Indication 19,Indication 19,0.219547951612903,
469,Floresland,INNOVIX,2024-02-01,8188.103966666667,25184.913449999996,4154500,Indication split,Indication 9,Indication 9,0.0575023225806452,0.009885381231464
470,Floresland,INNOVIX,2024-02-01,8188.103966666667,25184.913449999996,4154500,Indication split,Indication 10,Indication 10,0.0454799516129032,0.0109168977672654
471,Floresland,INNOVIX,2024-02-01,8188.103966666667,25184.913449999996,4154500,Indication split,Indication 2,Indication 2-a,0.0890494032258065,0.0451964964397427
472,Floresland,INNOVIX,2024-02-01,8188.103966666667,25184.913449999996,4154500,Indication split,Indication 2,Indication 2-c,0.19771664516129,0.0195784101124407
473,Floresland,INNOVIX,2024-03-01,9183.019724999998,24962.6827125,4672880,Indication split,Indication 20,Indication 20,0.0252950421863189,0.00797639824723773
474,Floresland,INNOVIX,2024-03-01,9183.019724999998,24962.6827125,4672880,Indication split,Indication 14,Indication 14,0.00220625492636317,0.00765856382941999
475,Floresland,INNOVIX,2024-03-01,9183.019724999998,24962.6827125,4672880,Indication split,Indication 12,Indication 12,0.089379223867045,0.0414816284453592
476,Floresland,INNOVIX,2024-03-01,9183.019724999998,24962.6827125,4672880,Indication split,Indication 1,Indication 1,0.0512570483111397,0.0453579089236587
477,Floresland,INNOVIX,2024-03-01,9183.019724999998,24962.6827125,4672880,Indication split,Indication 23,Indication 23,0.199743405847441,0.0411217591285462
478,Floresland,INNOVIX,2024-03-01,9183.019724999998,24962.6827125,4672880,Indication split,Indication 15,Indication 15,0.0605438008574855,
479,Floresland,INNOVIX,2024-03-01,9183.019724999998,24962.6827125,4672880,Indication split,Indication 19,Indication 19,0.213955919257924,
480,Floresland,INNOVIX,2024-03-01,9183.019724999998,24962.6827125,4672880,Indication split,Indication 9,Indication 9,0.0421241572067898,0.00458426038672252
481,Floresland,INNOVIX,2024-03-01,9183.019724999998,24962.6827125,4672880,Indication split,Indication 10,Indication 10,0.0591071996758811,0.00123825626390126
482,Floresland,INNOVIX,2024-03-01,9183.019724999998,24962.6827125,4672880,Indication split,Indication 2,Indication 2-a,0.0796306064665568,0.0397310028092307
483,Floresland,INNOVIX,2024-03-01,9183.019724999998,24962.6827125,4672880,Indication split,Indication 2,Indication 2-c,0.176757341397055,0.0378464527058331
484,Floresland,INNOVIX,2024-04-01,9643.936925,27739.637024999996,4871660,Indication split,Indication 20,Indication 20,0.00848139050306751,0.0178422973779681
485,Floresland,INNOVIX,2024-04-01,9643.936925,27739.637024999996,4871660,Indication split,Indication 14,Indication 14,0.00343840693380888,0.0130712516576937
486,Floresland,INNOVIX,2024-04-01,9643.936925,27739.637024999996,4871660,Indication split,Indication 12,Indication 12,0.066561555586932,0.0507780149627678
487,Floresland,INNOVIX,2024-04-01,9643.936925,27739.637024999996,4871660,Indication split,Indication 1,Indication 1,0.0484813785627726,0.0316953214421469
488,Floresland,INNOVIX,2024-04-01,9643.936925,27739.637024999996,4871660,Indication split,Indication 23,Indication 23,0.208023005896947,0.0479033648454587
489,Floresland,INNOVIX,2024-04-01,9643.936925,27739.637024999996,4871660,Indication split,Indication 15,Indication 15,0.0484813619790296,
490,Floresland,INNOVIX,2024-04-01,9643.936925,27739.637024999996,4871660,Indication split,Indication 19,Indication 19,0.273294993046271,
491,Floresland,INNOVIX,2024-04-01,9643.936925,27739.637024999996,4871660,Indication split,Indication 9,Indication 9,0.0428367036308348,0.0
492,Floresland,INNOVIX,2024-04-01,9643.936925,27739.637024999996,4871660,Indication split,Indication 10,Indication 10,0.0665042919224336,0.00385750037255289
493,Floresland,INNOVIX,2024-04-01,9643.936925,27739.637024999996,4871660,Indication split,Indication 2,Indication 2-a,0.0697707586090604,0.0450368707498085
494,Floresland,INNOVIX,2024-04-01,9643.936925,27739.637024999996,4871660,Indication split,Indication 2,Indication 2-c,0.164126153328843,0.045626529839167
495,Floresland,INNOVIX,2024-05-01,8973.419958333334,26198.835937499996,4526700,Indication split,Indication 20,Indication 20,0.0080501887001258,0.00416555138591376
496,Floresland,INNOVIX,2024-05-01,8973.419958333334,26198.835937499996,4526700,Indication split,Indication 14,Indication 14,0.0117093578062385,0.0148090317634282
497,Floresland,INNOVIX,2024-05-01,8973.419958333334,26198.835937499996,4526700,Indication split,Indication 12,Indication 12,0.0684265956177304,0.0636893600630111
498,Floresland,INNOVIX,2024-05-01,8973.419958333334,26198.835937499996,4526700,Indication split,Indication 1,Indication 1,0.0514375342916895,0.0481856335091737
499,Floresland,INNOVIX,2024-05-01,8973.419958333334,26198.835937499996,4526700,Indication split,Indication 23,Indication 23,0.173366448910966,0.0491319928209892
500,Floresland,INNOVIX,2024-05-01,8973.419958333334,26198.835937499996,4526700,Indication split,Indication 15,Indication 15,0.0889180092786729,
501,Floresland,INNOVIX,2024-05-01,8973.419958333334,26198.835937499996,4526700,Indication split,Indication 19,Indication 19,0.25627280418187,
502,Floresland,INNOVIX,2024-05-01,8973.419958333334,26198.835937499996,4526700,Indication split,Indication 9,Indication 9,0.0656298604199069,0.0123928276066592
503,Floresland,INNOVIX,2024-05-01,8973.419958333334,26198.835937499996,4526700,Indication split,Indication 10,Indication 10,0.0560114373409582,0.00426084307870716
504,Floresland,INNOVIX,2024-05-01,8973.419958333334,26198.835937499996,4526700,Indication split,Indication 2,Indication 2-a,0.0479090652727102,0.062951478889661
505,Floresland,INNOVIX,2024-05-01,8973.419958333334,26198.835937499996,4526700,Indication split,Indication 2,Indication 2-c,0.172268698179132,0.0391530222850697
506,Floresland,INNOVIX,2024-06-01,7707.728375000001,23359.4088375,3967620,Indication split,Indication 20,Indication 20,0.00779350571195966,0.00681617439018679
507,Floresland,INNOVIX,2024-06-01,7707.728375000001,23359.4088375,3967620,Indication split,Indication 14,Indication 14,0.00141700536068375,0.0178309296178252
508,Floresland,INNOVIX,2024-06-01,7707.728375000001,23359.4088375,3967620,Indication split,Indication 12,Indication 12,0.0642965726784067,0.05256924237659
509,Floresland,INNOVIX,2024-06-01,7707.728375000001,23359.4088375,3967620,Indication split,Indication 1,Indication 1,0.0389422987550248,0.0356384934527616
510,Floresland,INNOVIX,2024-06-01,7707.728375000001,23359.4088375,3967620,Indication split,Indication 23,Indication 23,0.168724541292593,0.0455667119596605
511,Floresland,INNOVIX,2024-06-01,7707.728375000001,23359.4088375,3967620,Indication split,Indication 15,Indication 15,0.0436741074358304,
512,Floresland,INNOVIX,2024-06-01,7707.728375000001,23359.4088375,3967620,Indication split,Indication 19,Indication 19,0.263284454971161,
513,Floresland,INNOVIX,2024-06-01,7707.728375000001,23359.4088375,3967620,Indication split,Indication 9,Indication 9,0.0456224600920194,0.00616538170391606
514,Floresland,INNOVIX,2024-06-01,7707.728375000001,23359.4088375,3967620,Indication split,Indication 10,Indication 10,0.0617156207024051,0.00244240581388523
515,Floresland,INNOVIX,2024-06-01,7707.728375000001,23359.4088375,3967620,Indication split,Indication 2,Indication 2-a,0.121988911152149,0.0496836794554504
516,Floresland,INNOVIX,2024-06-01,7707.728375000001,23359.4088375,3967620,Indication split,Indication 2,Indication 2-c,0.182540521847767,0.0340042933791566
517,Floresland,INNOVIX,2024-07-01,9653.302391666668,28975.41165,4932260,Indication split,Indication 20,Indication 20,0.00926344148215064,0.0139176538438209
518,Floresland,INNOVIX,2024-07-01,9653.302391666668,28975.41165,4932260,Indication split,Indication 14,Indication 14,0.00998644959783194,0.0132965040341404
519,Floresland,INNOVIX,2024-07-01,9653.302391666668,28975.41165,4932260,Indication split,Indication 12,Indication 12,0.0805919328947093,0.0575339337999834
520,Floresland,INNOVIX,2024-07-01,9653.302391666668,28975.41165,4932260,Indication split,Indication 1,Indication 1,0.0413240386118462,0.0523119551665878
521,Floresland,INNOVIX,2024-07-01,9653.302391666668,28975.41165,4932260,Indication split,Indication 23,Indication 23,0.167442394790783,0.0494692628369662
522,Floresland,INNOVIX,2024-07-01,9653.302391666668,28975.41165,4932260,Indication split,Indication 15,Indication 15,0.065386362461818,
523,Floresland,INNOVIX,2024-07-01,9653.302391666668,28975.41165,4932260,Indication split,Indication 19,Indication 19,0.288205982112957,
524,Floresland,INNOVIX,2024-07-01,9653.302391666668,28975.41165,4932260,Indication split,Indication 9,Indication 9,0.0359014457442313,0.00441684050336351
525,Floresland,INNOVIX,2024-07-01,9653.302391666668,28975.41165,4932260,Indication split,Indication 10,Indication 10,0.0882512461201994,0.00453186231565924
526,Floresland,INNOVIX,2024-07-01,9653.302391666668,28975.41165,4932260,Indication split,Indication 2,Indication 2-a,0.0679620908739346,0.0501725669251329
527,Floresland,INNOVIX,2024-07-01,9653.302391666668,28975.41165,4932260,Indication split,Indication 2,Indication 2-c,0.145684615309538,0.0546814161447102
