Country,Product,Date,MonthlyTreatment,YrexMonthlyTreatment,Value,Indication,Share,YrexShare,Activity
Floresland,INNOVIX,2020-08-01,7135.4428,8755.65,3657300,Indication 1,0.0,0.708762886597938,389.0
Floresland,INNOVIX,2020-08-01,7135.4428,8755.65,3657300,Indication 12,0.413162705667276,0.0,273.5
Floresland,INNOVIX,2020-08-01,7135.4428,8755.65,3657300,Indication 19,0.111969111969112,0.108985608985609,5698.0
Floresland,INNOVIX,2020-08-01,7135.4428,8755.65,3657300,Indication 2,0.563106796116505,0.145631067961165,412.0
Floresland,INNOVIX,2020-08-01,7135.4428,8755.65,3657300,Indication 23,0.203883495145631,0.10873786407767,1030.0
Floresland,INNOVIX,2020-09-01,7825.007,9645.6619,3970760,Indication 1,0.0,1.0,144.0
Floresland,INNOVIX,2020-09-01,7825.007,9645.6619,3970760,Indication 10,0.0,0.5,96.0
Floresland,INNOVIX,2020-09-01,7825.007,9645.6619,3970760,Indication 12,0.245210727969349,0.0,394.5
Floresland,INNOVIX,2020-09-01,7825.007,9645.6619,3970760,Indication 19,0.163346149365024,0.146102761272282,4310.5
Floresland,INNOVIX,2020-09-01,7825.007,9645.6619,3970760,Indication 2,0.239336492890995,0.234597156398104,431.0
Floresland,INNOVIX,2020-09-01,7825.007,9645.6619,3970760,Indication 23,0.261646458200383,0.167198468410976,1589.0
Floresland,INNOVIX,2020-10-01,8191.0239,11365.3433,4102640,Indication 1,0.0,1.0,21.0
Floresland,INNOVIX,2020-10-01,8191.0239,11365.3433,4102640,Indication 10,0.0,0.0,108.0
Floresland,INNOVIX,2020-10-01,8191.0239,11365.3433,4102640,Indication 12,0.428571428571429,0.0,197.0
Floresland,INNOVIX,2020-10-01,8191.0239,11365.3433,4102640,Indication 19,0.115219160562725,0.176026043483316,4310.5
Floresland,INNOVIX,2020-10-01,8191.0239,11365.3433,4102640,Indication 2,0.331320103537532,0.0362381363244176,583.5
Floresland,INNOVIX,2020-10-01,8191.0239,11365.3433,4102640,Indication 23,0.240444444444444,0.224,1144.0
Floresland,INNOVIX,2020-11-01,7232.573,10154.6358,3661520,Indication 1,0.0,0.572519083969466,196.5
Floresland,INNOVIX,2020-11-01,7232.573,10154.6358,3661520,Indication 10,0.0,0.0,38.0
Floresland,INNOVIX,2020-11-01,7232.573,10154.6358,3661520,Indication 12,0.172284644194757,0.468164794007491,550.0
Floresland,INNOVIX,2020-11-01,7232.573,10154.6358,3661520,Indication 19,0.0602426439827081,0.145725840189653,3677.5
Floresland,INNOVIX,2020-11-01,7232.573,10154.6358,3661520,Indication 2,0.4064,0.0624,339.5
Floresland,INNOVIX,2020-11-01,7232.573,10154.6358,3661520,Indication 23,0.359737939249553,0.117331745086361,933.5
Floresland,INNOVIX,2020-12-01,7152.7927,10652.5738,3601940,Indication 1,0.0,0.511111111111111,225.0
Floresland,INNOVIX,2020-12-01,7152.7927,10652.5738,3601940,Indication 10,0.598484848484848,0.0,132.0
Floresland,INNOVIX,2020-12-01,7152.7927,10652.5738,3601940,Indication 12,0.253521126760563,0.374647887323944,374.0
Floresland,INNOVIX,2020-12-01,7152.7927,10652.5738,3601940,Indication 19,0.122987164527421,0.171061843640607,4328.0
Floresland,INNOVIX,2020-12-01,7152.7927,10652.5738,3601940,Indication 2,0.318815331010453,0.0383275261324042,1169.0
Floresland,INNOVIX,2020-12-01,7152.7927,10652.5738,3601940,Indication 23,0.226606538895152,0.0,931.0
Floresland,INNOVIX,2021-01-01,8835.9182,12404.6696,4452420,Indication 1,0.0,0.5,92.0
Floresland,INNOVIX,2021-01-01,8835.9182,12404.6696,4452420,Indication 10,0.0,0.0,137.0
Floresland,INNOVIX,2021-01-01,8835.9182,12404.6696,4452420,Indication 12,0.159574468085106,0.517730496453901,577.0
Floresland,INNOVIX,2021-01-01,8835.9182,12404.6696,4452420,Indication 19,0.131346719529352,0.103338022765059,3959.5
Floresland,INNOVIX,2021-01-01,8835.9182,12404.6696,4452420,Indication 2,0.431500465983225,0.130475302889096,559.5
Floresland,INNOVIX,2021-01-01,8835.9182,12404.6696,4452420,Indication 23,0.21412471825695,0.102178812922615,1378.0
Floresland,INNOVIX,2021-02-01,6574.1432,10952.5781,3362140,Indication 1,0.251533742331288,0.0,163.0
Floresland,INNOVIX,2021-02-01,6574.1432,10952.5781,3362140,Indication 12,0.0382462686567164,0.424440298507463,554.0
Floresland,INNOVIX,2021-02-01,6574.1432,10952.5781,3362140,Indication 19,0.114309210526316,0.14172149122807,3687.0
Floresland,INNOVIX,2021-02-01,6574.1432,10952.5781,3362140,Indication 2,0.399860432658758,0.0,745.5
Floresland,INNOVIX,2021-02-01,6574.1432,10952.5781,3362140,Indication 23,0.417910447761194,0.0407960199004975,1557.5
Floresland,INNOVIX,2021-03-01,8410.0409,12962.264,4280840,Indication 1,0.129597197898424,0.129597197898424,571.0
Floresland,INNOVIX,2021-03-01,8410.0409,12962.264,4280840,Indication 12,0.194860813704497,0.541755888650964,496.0
Floresland,INNOVIX,2021-03-01,8410.0409,12962.264,4280840,Indication 19,0.170018281535649,0.109232175502742,4448.0
Floresland,INNOVIX,2021-03-01,8410.0409,12962.264,4280840,Indication 2,0.259176863181313,0.204671857619577,965.0
Floresland,INNOVIX,2021-03-01,8410.0409,12962.264,4280840,Indication 23,0.305201177625123,0.0323846908734053,1117.0
Floresland,INNOVIX,2021-04-01,7323.1211,13179.1638,3778260,Indication 1,0.0,0.0,138.0
Floresland,INNOVIX,2021-04-01,7323.1211,13179.1638,3778260,Indication 10,0.0,0.612244897959184,73.5
Floresland,INNOVIX,2021-04-01,7323.1211,13179.1638,3778260,Indication 12,0.203389830508475,0.285714285714286,429.0
Floresland,INNOVIX,2021-04-01,7323.1211,13179.1638,3778260,Indication 19,0.09116579265833,0.155976872394783,3768.5
Floresland,INNOVIX,2021-04-01,7323.1211,13179.1638,3778260,Indication 2,0.524737631184408,0.190404797601199,713.0
Floresland,INNOVIX,2021-04-01,7323.1211,13179.1638,3778260,Indication 23,0.278481012658228,0.0995198603230031,1193.5
Floresland,INNOVIX,2021-05-01,7395.9758,12206.0452,3836240,Indication 1,0.148619957537155,0.0,471.0
Floresland,INNOVIX,2021-05-01,7395.9758,12206.0452,3836240,Indication 10,0.0,0.0,63.0
Floresland,INNOVIX,2021-05-01,7395.9758,12206.0452,3836240,Indication 12,0.0997782705099778,0.388026607538803,463.0
Floresland,INNOVIX,2021-05-01,7395.9758,12206.0452,3836240,Indication 19,0.1671826625387,0.173816895179124,4552.0
Floresland,INNOVIX,2021-05-01,7395.9758,12206.0452,3836240,Indication 2,0.406015037593985,0.0476190476190476,820.0
Floresland,INNOVIX,2021-05-01,7395.9758,12206.0452,3836240,Indication 23,0.266952789699571,0.224034334763948,1204.0
Floresland,INNOVIX,2021-06-01,8237.2389,13767.1041,4276020,Indication 1,0.0,0.419437340153453,391.0
Floresland,INNOVIX,2021-06-01,8237.2389,13767.1041,4276020,Indication 10,0.0,0.0,62.0
Floresland,INNOVIX,2021-06-01,8237.2389,13767.1041,4276020,Indication 12,0.297142857142857,0.485714285714286,188.0
Floresland,INNOVIX,2021-06-01,8237.2389,13767.1041,4276020,Indication 19,0.149139579349904,0.19942638623327,5297.0
Floresland,INNOVIX,2021-06-01,8237.2389,13767.1041,4276020,Indication 2,0.336054421768708,0.0707482993197279,761.0
Floresland,INNOVIX,2021-06-01,8237.2389,13767.1041,4276020,Indication 23,0.264981949458484,0.223104693140794,1438.0
Floresland,INNOVIX,2021-07-01,6851.9575,14457.8023,3544440,Indication 1,0.0,0.105809128630705,483.0
Floresland,INNOVIX,2021-07-01,6851.9575,14457.8023,3544440,Indication 10,1.0,0.0,92.0
Floresland,INNOVIX,2021-07-01,6851.9575,14457.8023,3544440,Indication 12,0.0,0.743718592964824,308.5
Floresland,INNOVIX,2021-07-01,6851.9575,14457.8023,3544440,Indication 19,0.177777777777778,0.16,3394.0
Floresland,INNOVIX,2021-07-01,6851.9575,14457.8023,3544440,Indication 2,0.2352,0.1072,643.0
Floresland,INNOVIX,2021-07-01,6851.9575,14457.8023,3544440,Indication 23,0.275245755138516,0.327971403038427,1151.0
Floresland,INNOVIX,2021-08-01,7768.2703,13878.8295,3983520,Indication 1,0.454022988505747,0.545977011494253,174.0
Floresland,INNOVIX,2021-08-01,7768.2703,13878.8295,3983520,Indication 10,0.336734693877551,0.0,98.0
Floresland,INNOVIX,2021-08-01,7768.2703,13878.8295,3983520,Indication 12,0.0,1.0,53.0
Floresland,INNOVIX,2021-08-01,7768.2703,13878.8295,3983520,Indication 19,0.118277455510766,0.11031363681054,5088.5
Floresland,INNOVIX,2021-08-01,7768.2703,13878.8295,3983520,Indication 2,0.563451776649746,0.0,418.0
Floresland,INNOVIX,2021-08-01,7768.2703,13878.8295,3983520,Indication 23,0.547229551451187,0.0949868073878628,950.5
Floresland,INNOVIX,2021-09-01,7142.2211,14468.8381,3711620,Indication 1,0.0,0.502487562189055,201.0
Floresland,INNOVIX,2021-09-01,7142.2211,14468.8381,3711620,Indication 12,0.129281767955801,0.395580110497238,454.5
Floresland,INNOVIX,2021-09-01,7142.2211,14468.8381,3711620,Indication 19,0.094486575117852,0.164582906333265,4904.0
Floresland,INNOVIX,2021-09-01,7142.2211,14468.8381,3711620,Indication 2,0.515400410677618,0.213552361396304,519.0
Floresland,INNOVIX,2021-09-01,7142.2211,14468.8381,3711620,Indication 23,0.405030800821355,0.0852156057494866,1054.0
Floresland,INNOVIX,2021-10-01,7195.4451,14570.9085,3740280,Indication 1,0.158139534883721,0.4,215.0
Floresland,INNOVIX,2021-10-01,7195.4451,14570.9085,3740280,Indication 10,0.0,0.0,15.0
Floresland,INNOVIX,2021-10-01,7195.4451,14570.9085,3740280,Indication 12,0.182051282051282,0.412820512820513,426.0
Floresland,INNOVIX,2021-10-01,7195.4451,14570.9085,3740280,Indication 19,0.138034508627157,0.147786946736684,4039.0
Floresland,INNOVIX,2021-10-01,7195.4451,14570.9085,3740280,Indication 2,0.364562118126273,0.054989816700611,556.0
Floresland,INNOVIX,2021-10-01,7195.4451,14570.9085,3740280,Indication 23,0.253846153846154,0.167307692307692,1128.0
Floresland,INNOVIX,2021-11-01,7298.9416,14638.1502,3818660,Indication 1,0.0,0.664570230607966,238.5
Floresland,INNOVIX,2021-11-01,7298.9416,14638.1502,3818660,Indication 10,1.0,0.0,50.0
Floresland,INNOVIX,2021-11-01,7298.9416,14638.1502,3818660,Indication 12,0.153061224489796,0.693877551020408,227.0
Floresland,INNOVIX,2021-11-01,7298.9416,14638.1502,3818660,Indication 19,0.186258079961695,0.082834570265741,4389.0
Floresland,INNOVIX,2021-11-01,7298.9416,14638.1502,3818660,Indication 2,0.352087114337568,0.125226860254083,587.0
Floresland,INNOVIX,2021-11-01,7298.9416,14638.1502,3818660,Indication 23,0.23274806043283,0.214373213556554,1302.5
Floresland,INNOVIX,2021-12-01,6512.1015,13912.6235,3391260,Indication 1,0.0701754385964912,0.138401559454191,513.0
Floresland,INNOVIX,2021-12-01,6512.1015,13912.6235,3391260,Indication 10,1.0,0.0,38.0
Floresland,INNOVIX,2021-12-01,6512.1015,13912.6235,3391260,Indication 12,0.0,0.638676844783715,408.0
Floresland,INNOVIX,2021-12-01,6512.1015,13912.6235,3391260,Indication 19,0.0547163477677073,0.0996978851963746,3017.0
Floresland,INNOVIX,2021-12-01,6512.1015,13912.6235,3391260,Indication 2,0.284653465346535,0.0,426.0
Floresland,INNOVIX,2021-12-01,6512.1015,13912.6235,3391260,Indication 23,0.347826086956522,0.120553359683794,1045.0
Floresland,INNOVIX,2022-01-01,8172.6422,15855.4104,4317160,Indication 1,0.0,0.157360406091371,591.0
Floresland,INNOVIX,2022-01-01,8172.6422,15855.4104,4317160,Indication 10,0.484581497797357,0.171806167400881,227.0
Floresland,INNOVIX,2022-01-01,8172.6422,15855.4104,4317160,Indication 12,0.143939393939394,0.446969696969697,553.0
Floresland,INNOVIX,2022-01-01,8172.6422,15855.4104,4317160,Indication 19,0.133925835121054,0.126570640514864,3292.0
Floresland,INNOVIX,2022-01-01,8172.6422,15855.4104,4317160,Indication 2,0.46643109540636,0.201413427561837,327.0
Floresland,INNOVIX,2022-01-01,8172.6422,15855.4104,4317160,Indication 23,0.366943032896496,0.128376571275742,1938.5
Floresland,INNOVIX,2022-02-01,6759.6729,14036.4183,3455040,Indication 1,0.0,0.286604361370716,321.0
Floresland,INNOVIX,2022-02-01,6759.6729,14036.4183,3455040,Indication 10,0.333333333333333,0.333333333333333,117.0
Floresland,INNOVIX,2022-02-01,6759.6729,14036.4183,3455040,Indication 12,0.5,0.5,119.0
Floresland,INNOVIX,2022-02-01,6759.6729,14036.4183,3455040,Indication 19,0.162477954144621,0.114638447971781,4726.0
Floresland,INNOVIX,2022-02-01,6759.6729,14036.4183,3455040,Indication 2,0.3525,0.0,537.0
Floresland,INNOVIX,2022-02-01,6759.6729,14036.4183,3455040,Indication 23,0.353726362625139,0.0433815350389322,1024.0
Floresland,INNOVIX,2022-03-01,7425.2215,16610.9382,3833600,Indication 1,0.0,0.0,219.0
Floresland,INNOVIX,2022-03-01,7425.2215,16610.9382,3833600,Indication 10,0.132890365448505,0.867109634551495,301.0
Floresland,INNOVIX,2022-03-01,7425.2215,16610.9382,3833600,Indication 12,0.0,0.29512893982808,285.5
Floresland,INNOVIX,2022-03-01,7425.2215,16610.9382,3833600,Indication 19,0.0481906286120743,0.112652262825642,5741.5
Floresland,INNOVIX,2022-03-01,7425.2215,16610.9382,3833600,Indication 2,0.248407643312102,0.178343949044586,554.0
Floresland,INNOVIX,2022-03-01,7425.2215,16610.9382,3833600,Indication 23,0.304203205322044,0.0861808285455095,1830.5
Floresland,INNOVIX,2022-04-01,7203.3855,16155.0696,3670760,Indication 1,0.121875,0.278125,320.0
Floresland,INNOVIX,2022-04-01,7203.3855,16155.0696,3670760,Indication 10,0.145315487571702,0.678776290630975,523.0
Floresland,INNOVIX,2022-04-01,7203.3855,16155.0696,3670760,Indication 12,0.188235294117647,0.435294117647059,244.0
Floresland,INNOVIX,2022-04-01,7203.3855,16155.0696,3670760,Indication 19,0.0980347349177331,0.106032906764168,4550.0
Floresland,INNOVIX,2022-04-01,7203.3855,16155.0696,3670760,Indication 2,0.181818181818182,0.195685670261941,705.0
Floresland,INNOVIX,2022-04-01,7203.3855,16155.0696,3670760,Indication 23,0.265659706796979,0.097734340293203,2799.5
Floresland,INNOVIX,2022-05-01,7776.7678,16554.3867,3946000,Indication 1,0.0,0.190217391304348,184.0
Floresland,INNOVIX,2022-05-01,7776.7678,16554.3867,3946000,Indication 10,0.144518272425249,0.719269102990033,301.0
Floresland,INNOVIX,2022-05-01,7776.7678,16554.3867,3946000,Indication 12,0.421686746987952,0.578313253012048,122.0
Floresland,INNOVIX,2022-05-01,7776.7678,16554.3867,3946000,Indication 19,0.0763618190904548,0.0832583708145927,5082.5
Floresland,INNOVIX,2022-05-01,7776.7678,16554.3867,3946000,Indication 2,0.34765625,0.248046875,555.0
Floresland,INNOVIX,2022-05-01,7776.7678,16554.3867,3946000,Indication 23,0.319062181447503,0.0387359836901121,1647.0
Floresland,INNOVIX,2022-06-01,7591.28,16682.3196,3876800,Indication 1,0.0,0.0838971583220568,370.5
Floresland,INNOVIX,2022-06-01,7591.28,16682.3196,3876800,Indication 10,0.117117117117117,0.355212355212355,388.5
Floresland,INNOVIX,2022-06-01,7591.28,16682.3196,3876800,Indication 12,0.0,0.274336283185841,132.0
Floresland,INNOVIX,2022-06-01,7591.28,16682.3196,3876800,Indication 19,0.0588176049954678,0.141504683251083,5019.5
Floresland,INNOVIX,2022-06-01,7591.28,16682.3196,3876800,Indication 2,0.590762620837809,0.189044038668099,486.5
Floresland,INNOVIX,2022-06-01,7591.28,16682.3196,3876800,Indication 23,0.137345679012346,0.169367283950617,1343.0
Floresland,INNOVIX,2022-07-01,7268.560841666666,18889.1142,3704320,Indication 1,0.0,0.196242171189979,239.5
Floresland,INNOVIX,2022-07-01,7268.560841666666,18889.1142,3704320,Indication 10,0.0,0.0,87.0
Floresland,INNOVIX,2022-07-01,7268.560841666666,18889.1142,3704320,Indication 12,0.0,0.5,117.0
Floresland,INNOVIX,2022-07-01,7268.560841666666,18889.1142,3704320,Indication 19,0.134355604235122,0.127297067056103,4125.5
Floresland,INNOVIX,2022-07-01,7268.560841666666,18889.1142,3704320,Indication 2,0.51219512195122,0.0923344947735192,583.0
Floresland,INNOVIX,2022-07-01,7268.560841666666,18889.1142,3704320,Indication 23,0.128532360984503,0.218322698268004,1121.0
Floresland,INNOVIX,2022-08-01,8807.078566666667,19597.7181375,4165620,Indication 1,0.0,0.348993288590604,149.0
Floresland,INNOVIX,2022-08-01,8807.078566666667,19597.7181375,4165620,Indication 10,0.126195028680688,0.35755258126195,261.5
Floresland,INNOVIX,2022-08-01,8807.078566666667,19597.7181375,4165620,Indication 12,0.0,0.0,127.5
Floresland,INNOVIX,2022-08-01,8807.078566666667,19597.7181375,4165620,Indication 19,0.0987477638640429,0.130948121645796,2807.0
Floresland,INNOVIX,2022-08-01,8807.078566666667,19597.7181375,4165620,Indication 2,0.413333333333333,0.24,309.0
Floresland,INNOVIX,2022-08-01,8807.078566666667,19597.7181375,4165620,Indication 23,0.496335078534031,0.0471204188481675,961.0
Floresland,INNOVIX,2022-09-01,6838.661683333334,19823.3131125,3673280,Indication 1,0.0,0.110714285714286,280.0
Floresland,INNOVIX,2022-09-01,6838.661683333334,19823.3131125,3673280,Indication 10,0.219653179190751,0.372832369942197,346.0
Floresland,INNOVIX,2022-09-01,6838.661683333334,19823.3131125,3673280,Indication 12,0.261538461538462,0.0,348.0
Floresland,INNOVIX,2022-09-01,6838.661683333334,19823.3131125,3673280,Indication 19,0.102262234533703,0.128808864265928,4378.0
Floresland,INNOVIX,2022-09-01,6838.661683333334,19823.3131125,3673280,Indication 2,0.237623762376238,0.212871287128713,763.0
Floresland,INNOVIX,2022-09-01,6838.661683333334,19823.3131125,3673280,Indication 23,0.283078545071165,0.12335266209805,1025.5
Floresland,INNOVIX,2022-10-01,7971.975550000001,19005.29205,4137600,Indication 1,0.0,0.0,225.0
Floresland,INNOVIX,2022-10-01,7971.975550000001,19005.29205,4137600,Indication 10,0.362666666666667,0.362666666666667,375.0
Floresland,INNOVIX,2022-10-01,7971.975550000001,19005.29205,4137600,Indication 12,0.0,0.472527472527472,193.0
Floresland,INNOVIX,2022-10-01,7971.975550000001,19005.29205,4137600,Indication 19,0.0925644916540212,0.0945877592311583,3994.0
Floresland,INNOVIX,2022-10-01,7971.975550000001,19005.29205,4137600,Indication 2,0.557741659538067,0.0684345594525235,613.5
Floresland,INNOVIX,2022-10-01,7971.975550000001,19005.29205,4137600,Indication 23,0.354166666666667,0.206521739130435,1198.0
Floresland,INNOVIX,2022-11-01,7044.138099999999,19737.4417125,3593180,Indication 1,0.329243353783231,0.0,244.5
Floresland,INNOVIX,2022-11-01,7044.138099999999,19737.4417125,3593180,Indication 10,0.413793103448276,0.185117967332123,284.5
Floresland,INNOVIX,2022-11-01,7044.138099999999,19737.4417125,3593180,Indication 12,0.268698060941828,0.559556786703601,186.5
Floresland,INNOVIX,2022-11-01,7044.138099999999,19737.4417125,3593180,Indication 19,0.102698301930682,0.0879274249825541,4704.0
Floresland,INNOVIX,2022-11-01,7044.138099999999,19737.4417125,3593180,Indication 2,0.43501326259947,0.0928381962864722,444.0
Floresland,INNOVIX,2022-11-01,7044.138099999999,19737.4417125,3593180,Indication 23,0.279346716570262,0.154474310990133,1492.5
Floresland,INNOVIX,2022-12-01,6780.361816666667,19214.9892,3430160,Indication 1,0.0,0.315175097276265,257.0
Floresland,INNOVIX,2022-12-01,6780.361816666667,19214.9892,3430160,Indication 10,0.448239060832444,0.261472785485592,476.5
Floresland,INNOVIX,2022-12-01,6780.361816666667,19214.9892,3430160,Indication 12,0.204301075268817,0.0913978494623656,374.0
Floresland,INNOVIX,2022-12-01,6780.361816666667,19214.9892,3430160,Indication 19,0.107602623269371,0.0949720670391061,4155.0
Floresland,INNOVIX,2022-12-01,6780.361816666667,19214.9892,3430160,Indication 2,0.486486486486486,0.0,315.0
Floresland,INNOVIX,2022-12-01,6780.361816666667,19214.9892,3430160,Indication 23,0.247154471544715,0.117073170731707,628.0
Floresland,INNOVIX,2023-01-01,9352.68525,21973.790249999995,4780460,Indication 1,0.146443514644351,0.189679218967922,358.5
Floresland,INNOVIX,2023-01-01,9352.68525,21973.790249999995,4780460,Indication 10,0.556263269639066,0.248407643312102,475.0
Floresland,INNOVIX,2023-01-01,9352.68525,21973.790249999995,4780460,Indication 12,0.0807291666666667,0.388020833333333,393.0
Floresland,INNOVIX,2023-01-01,9352.68525,21973.790249999995,4780460,Indication 19,0.122507462686567,0.0998208955223881,4223.5
Floresland,INNOVIX,2023-01-01,9352.68525,21973.790249999995,4780460,Indication 2,0.142857142857143,0.0651260504201681,493.0
Floresland,INNOVIX,2023-01-01,9352.68525,21973.790249999995,4780460,Indication 23,0.341269841269841,0.110119047619048,1031.0
Floresland,INNOVIX,2023-02-01,7363.778641666667,19911.66525,3780620,Indication 1,0.0,0.174107142857143,224.0
Floresland,INNOVIX,2023-02-01,7363.778641666667,19911.66525,3780620,Indication 10,0.780068728522337,0.0710194730813288,505.5
Floresland,INNOVIX,2023-02-01,7363.778641666667,19911.66525,3780620,Indication 12,0.293233082706767,0.413533834586466,139.0
Floresland,INNOVIX,2023-02-01,7363.778641666667,19911.66525,3780620,Indication 19,0.0975414216996259,0.0994120791020844,3776.0
Floresland,INNOVIX,2023-02-01,7363.778641666667,19911.66525,3780620,Indication 2,0.624615384615385,0.255384615384615,349.0
Floresland,INNOVIX,2023-02-01,7363.778641666667,19911.66525,3780620,Indication 23,0.145700071073205,0.123667377398721,1432.0
Floresland,INNOVIX,2023-03-01,8729.061625,23296.487399999998,4419300,Indication 1,0.273255813953488,0.15406976744186,345.0
Floresland,INNOVIX,2023-03-01,8729.061625,23296.487399999998,4419300,Indication 10,0.774038461538462,0.225961538461538,312.0
Floresland,INNOVIX,2023-03-01,8729.061625,23296.487399999998,4419300,Indication 12,0.276521739130435,0.250434782608696,301.5
Floresland,INNOVIX,2023-03-01,8729.061625,23296.487399999998,4419300,Indication 19,0.0921299188007495,0.111388715386217,4873.0
Floresland,INNOVIX,2023-03-01,8729.061625,23296.487399999998,4419300,Indication 2,0.300731869594145,0.166333998669328,770.5
Floresland,INNOVIX,2023-03-01,8729.061625,23296.487399999998,4419300,Indication 23,0.252478519497687,0.214805023132849,1592.0
Floresland,INNOVIX,2023-04-01,7811.661033333334,21132.515625,3976200,Indication 1,0.514376996805112,0.0,323.0
Floresland,INNOVIX,2023-04-01,7811.661033333334,21132.515625,3976200,Indication 10,0.859030837004405,0.140969162995595,144.5
Floresland,INNOVIX,2023-04-01,7811.661033333334,21132.515625,3976200,Indication 12,0.359223300970874,0.640776699029126,109.0
Floresland,INNOVIX,2023-04-01,7811.661033333334,21132.515625,3976200,Indication 19,0.0533992583436341,0.0833127317676143,4064.0
Floresland,INNOVIX,2023-04-01,7811.661033333334,21132.515625,3976200,Indication 2,0.428030303030303,0.140151515151515,278.0
Floresland,INNOVIX,2023-04-01,7811.661033333334,21132.515625,3976200,Indication 23,0.151394422310757,0.25398406374502,1074.0
Floresland,INNOVIX,2023-05-01,8412.820175,21519.9645375,4296480,Indication 1,0.738095238095238,0.0,472.0
Floresland,INNOVIX,2023-05-01,8412.820175,21519.9645375,4296480,Indication 10,0.616161616161616,0.141414141414141,657.0
Floresland,INNOVIX,2023-05-01,8412.820175,21519.9645375,4296480,Indication 12,0.0,0.374269005847953,173.0
Floresland,INNOVIX,2023-05-01,8412.820175,21519.9645375,4296480,Indication 19,0.0298308103294746,0.117097061442565,4525.0
Floresland,INNOVIX,2023-05-01,8412.820175,21519.9645375,4296480,Indication 2,0.168,0.24,634.0
Floresland,INNOVIX,2023-05-01,8412.820175,21519.9645375,4296480,Indication 23,0.316501352569883,0.137060414788097,774.5
Floresland,INNOVIX,2023-06-01,8418.536333333333,23784.737399999998,4323880,Indication 1,0.406169665809769,0.107969151670951,416.0
Floresland,INNOVIX,2023-06-01,8418.536333333333,23784.737399999998,4323880,Indication 10,0.691244239631336,0.308755760368664,731.0
Floresland,INNOVIX,2023-06-01,8418.536333333333,23784.737399999998,4323880,Indication 12,0.204188481675393,0.0,193.0
Floresland,INNOVIX,2023-06-01,8418.536333333333,23784.737399999998,4323880,Indication 19,0.0920944437918478,0.0725948549277576,4307.5
Floresland,INNOVIX,2023-06-01,8418.536333333333,23784.737399999998,4323880,Indication 2,0.0,1.0,100.0
Floresland,INNOVIX,2023-06-01,8418.536333333333,23784.737399999998,4323880,Indication 23,0.106306306306306,0.281081081081081,1192.0
Floresland,INNOVIX,2023-07-01,8715.751708333331,22899.512025,4480960,Indication 1,0.425196850393701,0.0,393.0
Floresland,INNOVIX,2023-07-01,8715.751708333331,22899.512025,4480960,Indication 12,0.0,0.388059701492537,102.5
Floresland,INNOVIX,2023-07-01,8715.751708333331,22899.512025,4480960,Indication 19,0.0875379939209726,0.172340425531915,3304.0
Floresland,INNOVIX,2023-07-01,8715.751708333331,22899.512025,4480960,Indication 2,0.594059405940594,0.0,220.0
Floresland,INNOVIX,2023-07-01,8715.751708333331,22899.512025,4480960,Indication 23,0.298401420959147,0.172291296625222,595.0
Floresland,INNOVIX,2023-08-01,8867.645108333332,25130.2392,4452240,Indication 1,0.768361581920904,0.0,181.0
Floresland,INNOVIX,2023-08-01,8867.645108333332,25130.2392,4452240,Indication 10,0.465725806451613,0.534274193548387,591.0
Floresland,INNOVIX,2023-08-01,8867.645108333332,25130.2392,4452240,Indication 12,0.125,0.73780487804878,328.0
Floresland,INNOVIX,2023-08-01,8867.645108333332,25130.2392,4452240,Indication 19,0.0436989627013904,0.1348488192452,2272.5
Floresland,INNOVIX,2023-08-01,8867.645108333332,25130.2392,4452240,Indication 2,0.0,0.217391304347826,207.0
Floresland,INNOVIX,2023-08-01,8867.645108333332,25130.2392,4452240,Indication 23,0.172821270310192,0.124076809453471,697.0
Floresland,INNOVIX,2023-09-01,8070.286399999999,23491.03665,4106760,Indication 1,0.25875486381323,0.0680933852140078,532.0
Floresland,INNOVIX,2023-09-01,8070.286399999999,23491.03665,4106760,Indication 10,1.0,0.0,658.0
Floresland,INNOVIX,2023-09-01,8070.286399999999,23491.03665,4106760,Indication 12,0.0,0.0511440107671602,373.5
Floresland,INNOVIX,2023-09-01,8070.286399999999,23491.03665,4106760,Indication 19,0.0795144157814871,0.0889226100151745,3314.0
Floresland,INNOVIX,2023-09-01,8070.286399999999,23491.03665,4106760,Indication 2,0.127946127946128,0.404040404040404,306.0
Floresland,INNOVIX,2023-09-01,8070.286399999999,23491.03665,4106760,Indication 23,0.283616692426584,0.221792890262751,1378.0
Floresland,INNOVIX,2023-10-01,9060.201408333334,24670.7127375,4671400,Indication 1,0.268867924528302,0.153301886792453,428.0
Floresland,INNOVIX,2023-10-01,9060.201408333334,24670.7127375,4671400,Indication 10,0.82843137254902,0.17156862745098,243.0
Floresland,INNOVIX,2023-10-01,9060.201408333334,24670.7127375,4671400,Indication 12,0.116541353383459,0.56390977443609,266.0
Floresland,INNOVIX,2023-10-01,9060.201408333334,24670.7127375,4671400,Indication 19,0.09285420381292,0.148402139624194,3671.5
Floresland,INNOVIX,2023-10-01,9060.201408333334,24670.7127375,4671400,Indication 2,0.484429065743945,0.384083044982699,298.0
Floresland,INNOVIX,2023-10-01,9060.201408333334,24670.7127375,4671400,Indication 23,0.348424323124723,0.165113182423435,1307.5
Floresland,INNOVIX,2023-11-01,8476.586775,24281.6881125,4269780,Indication 1,0.55379746835443,0.256329113924051,326.0
Floresland,INNOVIX,2023-11-01,8476.586775,24281.6881125,4269780,Indication 10,0.348122866894198,0.324232081911263,338.0
Floresland,INNOVIX,2023-11-01,8476.586775,24281.6881125,4269780,Indication 12,0.0,0.391566265060241,166.0
Floresland,INNOVIX,2023-11-01,8476.586775,24281.6881125,4269780,Indication 19,0.128059778407627,0.120329811904148,3920.0
Floresland,INNOVIX,2023-11-01,8476.586775,24281.6881125,4269780,Indication 2,0.316923076923077,0.36,336.0
Floresland,INNOVIX,2023-11-01,8476.586775,24281.6881125,4269780,Indication 23,0.242851389448248,0.208618606524366,1317.5
Floresland,INNOVIX,2023-12-01,7496.303375,22360.78125,3818920,Indication 1,0.60091743119266,0.252293577981651,227.0
Floresland,INNOVIX,2023-12-01,7496.303375,22360.78125,3818920,Indication 10,0.418367346938776,0.474489795918367,403.0
Floresland,INNOVIX,2023-12-01,7496.303375,22360.78125,3818920,Indication 12,0.213483146067416,0.213483146067416,178.0
Floresland,INNOVIX,2023-12-01,7496.303375,22360.78125,3818920,Indication 19,0.082807371875789,0.139611209290583,3987.0
Floresland,INNOVIX,2023-12-01,7496.303375,22360.78125,3818920,Indication 2,0.125827814569536,0.158940397350993,156.0
Floresland,INNOVIX,2023-12-01,7496.303375,22360.78125,3818920,Indication 23,0.0869565217391304,0.434782608695652,870.0
Floresland,INNOVIX,2024-01-01,10448.201791666665,28937.087737499995,5303380,Indication 1,0.459098497495826,0.0901502504173623,614.0
Floresland,INNOVIX,2024-01-01,10448.201791666665,28937.087737499995,5303380,Indication 10,0.208121827411168,0.596446700507614,430.0
Floresland,INNOVIX,2024-01-01,10448.201791666665,28937.087737499995,5303380,Indication 12,0.215384615384615,0.21025641025641,195.0
Floresland,INNOVIX,2024-01-01,10448.201791666665,28937.087737499995,5303380,Indication 19,0.0673776874894193,0.102759437954969,5943.0
Floresland,INNOVIX,2024-01-01,10448.201791666665,28937.087737499995,5303380,Indication 2,0.372781065088757,0.171597633136095,522.0
Floresland,INNOVIX,2024-01-01,10448.201791666665,28937.087737499995,5303380,Indication 23,0.205559619604974,0.356986100950988,1450.0
Floresland,INNOVIX,2024-02-01,8188.103966666667,25184.913449999996,4154500,Indication 1,0.132686084142395,0.0,323.0
Floresland,INNOVIX,2024-02-01,8188.103966666667,25184.913449999996,4154500,Indication 10,0.6,0.4,269.0
Floresland,INNOVIX,2024-02-01,8188.103966666667,25184.913449999996,4154500,Indication 12,0.0,0.616822429906542,214.0
Floresland,INNOVIX,2024-02-01,8188.103966666667,25184.913449999996,4154500,Indication 19,0.125721756182591,0.135526745832879,4641.5
Floresland,INNOVIX,2024-02-01,8188.103966666667,25184.913449999996,4154500,Indication 2,0.387029288702929,0.269874476987448,494.0
Floresland,INNOVIX,2024-02-01,8188.103966666667,25184.913449999996,4154500,Indication 23,0.212942301562002,0.306024864520242,1681.5
Floresland,INNOVIX,2024-03-01,9183.019724999998,24962.6827125,4672880,Indication 1,0.356521739130435,0.0869565217391304,477.0
Floresland,INNOVIX,2024-03-01,9183.019724999998,24962.6827125,4672880,Indication 10,0.0,1.0,202.0
Floresland,INNOVIX,2024-03-01,9183.019724999998,24962.6827125,4672880,Indication 12,0.0,0.0,217.0
Floresland,INNOVIX,2024-03-01,9183.019724999998,24962.6827125,4672880,Indication 19,0.165301724137931,0.13448275862069,4707.0
Floresland,INNOVIX,2024-03-01,9183.019724999998,24962.6827125,4672880,Indication 2,0.487179487179487,0.217948717948718,354.0
Floresland,INNOVIX,2024-03-01,9183.019724999998,24962.6827125,4672880,Indication 23,0.216216216216216,0.197788697788698,1737.0
Floresland,INNOVIX,2024-04-01,9643.936925,27739.637024999996,4871660,Indication 1,0.237113402061856,0.15807560137457,299.0
Floresland,INNOVIX,2024-04-01,9643.936925,27739.637024999996,4871660,Indication 10,0.485915492957746,0.514084507042254,164.0
Floresland,INNOVIX,2024-04-01,9643.936925,27739.637024999996,4871660,Indication 12,0.0,0.360189573459716,105.5
Floresland,INNOVIX,2024-04-01,9643.936925,27739.637024999996,4871660,Indication 19,0.169089257324551,0.129002952532364,4472.0
Floresland,INNOVIX,2024-04-01,9643.936925,27739.637024999996,4871660,Indication 2,0.162878787878788,0.162878787878788,272.0
Floresland,INNOVIX,2024-04-01,9643.936925,27739.637024999996,4871660,Indication 23,0.257371314342829,0.285857071464268,1069.5
Floresland,INNOVIX,2024-05-01,8973.419958333334,26198.835937499996,4526700,Indication 1,0.801724137931034,0.0,472.0
Floresland,INNOVIX,2024-05-01,8973.419958333334,26198.835937499996,4526700,Indication 10,0.5,0.0,123.0
Floresland,INNOVIX,2024-05-01,8973.419958333334,26198.835937499996,4526700,Indication 12,0.0,1.0,92.0
Floresland,INNOVIX,2024-05-01,8973.419958333334,26198.835937499996,4526700,Indication 19,0.143271125536108,0.0999188593949229,4353.5
Floresland,INNOVIX,2024-05-01,8973.419958333334,26198.835937499996,4526700,Indication 2,0.402088772845953,0.237597911227154,393.0
Floresland,INNOVIX,2024-05-01,8973.419958333334,26198.835937499996,4526700,Indication 23,0.14058106841612,0.208059981255858,1141.0
Floresland,INNOVIX,2024-06-01,7707.728375000001,23359.4088375,3967620,Indication 1,0.0,0.222811671087533,396.0
Floresland,INNOVIX,2024-06-01,7707.728375000001,23359.4088375,3967620,Indication 10,1.0,0.0,230.0
Floresland,INNOVIX,2024-06-01,7707.728375000001,23359.4088375,3967620,Indication 12,0.0,0.653061224489796,171.5
Floresland,INNOVIX,2024-06-01,7707.728375000001,23359.4088375,3967620,Indication 19,0.14785373608903,0.121280944810357,4528.0
Floresland,INNOVIX,2024-06-01,7707.728375000001,23359.4088375,3967620,Indication 2,0.329268292682927,0.158536585365854,266.0
Floresland,INNOVIX,2024-06-01,7707.728375000001,23359.4088375,3967620,Indication 23,0.157252598282874,0.28422955264347,1202.5
Floresland,INNOVIX,2024-07-01,9653.302391666668,28975.41165,4932260,Indication 1,0.373417721518987,0.0,173.0
Floresland,INNOVIX,2024-07-01,9653.302391666668,28975.41165,4932260,Indication 12,0.0,0.348484848484848,132.0
Floresland,INNOVIX,2024-07-01,9653.302391666668,28975.41165,4932260,Indication 19,0.153030945315812,0.141797371767698,4786.0
Floresland,INNOVIX,2024-07-01,9653.302391666668,28975.41165,4932260,Indication 2,0.383275261324042,0.205574912891986,308.0
Floresland,INNOVIX,2024-07-01,9653.302391666668,28975.41165,4932260,Indication 23,0.190021231422505,0.355626326963907,983.0
